customer,state,gender,education,customer_lifetime_value,income,monthly_premium_auto,number_of_open_complaints,policy_type,vehicle_class,total_claim_amount
RB50392,WA,F,Master,588174,0,1000,0,Personal Auto,Four-Door Car,3
QZ44356,AZ,F,Bachelor,697954,0,94,0,Personal Auto,Four-Door Car,1131
AI49188,NV,F,Bachelor,1288743,48767,108,0,Personal Auto,Two-Door Car,566
WW63253,CA,M,Bachelor,764586,0,106,0,Corporate Auto,SUV,530
GA49547,WA,M,High School or Below,536308,36357,68,0,Personal Auto,Four-Door Car,17
OC83172,OR,F,Bachelor,825630,62902,69,0,Personal Auto,Two-Door Car,159
XZ87318,OR,F,College,538090,55350,67,0,Corporate Auto,Four-Door Car,322
CF85061,AZ,M,Master,721610,0,101,0,Corporate Auto,Four-Door Car,363
DY87989,OR,M,Bachelor,2412750,14072,71,0,Corporate Auto,Four-Door Car,511
BQ94931,OR,F,College,738818,28812,93,0,Special Auto,Four-Door Car,426
SX51350,CA,M,College,473899,0,67,0,Personal Auto,Four-Door Car,482
VQ65197,CA,F,College,819720,0,110,0,Personal Auto,SUV,528
DP39365,CA,F,Master,879880,77026,110,2,Corporate Auto,Four-Door Car,472
SJ95423,AZ,F,High School or Below,881902,99845,110,1,Corporate Auto,SUV,528
IL66569,CA,F,College,538443,83689,70,2,Corporate Auto,Four-Door Car,307
BW63560,OR,F,Bachelor,746314,24599,64,1,Corporate Auto,Four-Door Car,43
FV94802,NV,F,High School or Below,256687,25049,67,0,Personal Auto,Two-Door Car,454
OE15005,CA,F,College,394524,28855,101,0,Personal Auto,SUV,647
WC83389,OR,F,College,571033,51148,72,0,Personal Auto,Four-Door Car,309
FL50705,CA,F,High School or Below,816262,66140,101,0,Corporate Auto,Four-Door Car,485
ZK25313,OR,F,High School or Below,287205,57749,74,0,Personal Auto,Two-Door Car,355
QK46697,WA,M,Bachelor,617711,61040,79,1,Personal Auto,Two-Door Car,20
YH23384,AZ,F,Bachelor,2412750,14072,71,0,Personal Auto,Four-Door Car,511
TZ98966,NV,F,Bachelor,245019,0,73,3,Corporate Auto,Four-Door Car,554
HM55802,CA,F,Bachelor,239211,17870,61,0,Corporate Auto,Four-Door Car,439
FS42516,OR,F,College,580207,97541,72,0,Personal Auto,Four-Door Car,389
US89481,CA,F,Bachelor,394637,0,111,0,Personal Auto,Four-Door Car,799
HS14476,WA,M,College,916206,29723,80,0,Personal Auto,Four-Door Car,21
GE62437,AZ,F,College,1290256,86584,111,2,Personal Auto,Four-Door Car,533
EJ77678,OR,F,Master,323536,75690,80,1,Personal Auto,Four-Door Car,384
SV85652,AZ,F,College,245458,23158,63,1,Personal Auto,Four-Door Car,322
UL64533,NV,F,High School or Below,1897546,65999,237,0,Corporate Auto,Luxury,616
PF41800,CA,F,Bachelor,471532,0,65,0,Personal Auto,Four-Door Car,308
HD95276,WA,F,College,473787,0,130,0,Personal Auto,SUV,24
SK67821,OR,F,Bachelor,493292,37260,62,0,Corporate Auto,Four-Door Car,15
YV55495,AZ,F,High School or Below,574423,68987,71,0,Personal Auto,Four-Door Car,204
KY38074,CA,F,Bachelor,1389174,42305,117,0,Personal Auto,Four-Door Car,562
DM79012,OR,F,Master,738098,65706,91,0,Personal Auto,Four-Door Car,437
CM61827,OR,F,Bachelor,309003,0,90,0,Personal Auto,Two-Door Car,648
WC35801,AZ,F,High School or Below,252163,53243,66,2,Personal Auto,Four-Door Car,157
QG25316,NV,F,High School or Below,265206,0,70,1,Corporate Auto,Two-Door Car,484
MB98372,OR,F,College,277104,50071,71,0,Corporate Auto,Two-Door Car,19
IL19217,CA,F,Bachelor,393901,60021,99,0,Personal Auto,Four-Door Car,883
SR38658,AZ,F,High School or Below,1223188,43244,103,0,Personal Auto,Luxury,494
YD87931,WA,M,Doctor,495166,46896,35354,1,Personal Auto,Four-Door Car,32
HG65722,OR,F,Doctor,1281910,10105,172,3,Personal Auto,SUV,1
BU27331,AZ,F,Bachelor,446851,0,73,3,Personal Auto,Four-Door Car,579
XM45289,OR,F,High School or Below,551434,23218,71,0,Personal Auto,Two-Door Car,448
KP34198,CA,F,Bachelor,334388,0,92,0,Corporate Auto,Four-Door Car,530
SH90947,AZ,F,High School or Below,229448,0,62,0,Personal Auto,Four-Door Car,313
WE95729,OR,F,College,3670743,24804,104,0,Personal Auto,SUV,594
PY51963,CA,F,Bachelor,3347335,33190,106,0,Corporate Auto,SUV,509
RB69909,NV,F,High School or Below,798343,36014,69,3,Special Auto,Four-Door Car,174
NW21079,WA,F,Master,487938,67163,61,2,Personal Auto,Two-Door Car,33
FR46645,CA,F,Bachelor,429400,16701,113,0,Personal Auto,Four-Door Car,832
SY17488,AZ,F,College,716440,46623,91,0,Corporate Auto,Four-Door Car,437
AP67935,CA,F,College,761952,64749,64,0,Special Auto,Four-Door Car,303
FS37417,AZ,F,High School or Below,395800,0,101,0,Personal Auto,SUV,485
ML29312,OR,F,High School or Below,449949,16969,124,2,Personal Auto,SUV,705
UB61619,OR,F,Master,405957,11621,108,0,Personal Auto,Four-Door Car,518
CD86811,AZ,F,Bachelor,445811,17622,65,1,Personal Auto,Four-Door Car,312
RU83859,CA,F,Bachelor,811033,11489,105,0,Personal Auto,Two-Door Car,504
FG63582,OR,F,Bachelor,333976,0,94,0,Personal Auto,Two-Door Car,863
NN71951,CA,F,High School or Below,2426102,66525,100,0,Personal Auto,SUV,104
WB37082,AZ,F,Bachelor,661397,0,63,0,Personal Auto,Four-Door Car,676
SM52139,WA,F,College,293069,33663,73,0,Personal Auto,Four-Door Car,350
FL82372,OR,F,College,867219,22547,112,0,Corporate Auto,SUV,538
DP45816,AZ,F,High School or Below,1163867,61486,97,0,Personal Auto,Two-Door Car,465
GW33762,OR,F,Bachelor,684615,0,95,0,Personal Auto,Two-Door Car,456
RZ33670,CA,F,College,1172778,29879,102,0,Personal Auto,Four-Door Car,500
PY70169,OR,F,High School or Below,2264383,93011,113,0,Personal Auto,SUV,281
MO91628,OR,F,Master,261447,65186,65,0,Personal Auto,Two-Door Car,5
HW87852,OR,F,Master,245175,26840,64,2,Personal Auto,Four-Door Car,307
HB20453,OR,F,Bachelor,678127,0,104,1,Personal Auto,Luxury,982
BN87372,OR,F,Bachelor,497480,75644,65,3,Personal Auto,Two-Door Car,468
YX23800,OR,F,Bachelor,859160,38984,73,0,Personal Auto,Four-Door Car,350
DZ87709,OR,F,High School or Below,559216,71811,71,0,Personal Auto,Four-Door Car,29
XW13033,NV,F,College,800947,20961,67,0,Personal Auto,Four-Door Car,322
SP81997,WA,F,Master,588174,41275,96,0,Personal Auto,Four-Door Car,41
OM82309,CA,F,Bachelor,5816655,61321,186,1,Personal Auto,Luxury,428
ZU35962,CA,F,College,802523,0,77,0,Personal Auto,Two-Door Car,26
VH85817,CA,F,High School or Below,578018,51066,74,0,Personal Auto,Four-Door Car,788
DT85712,CA,F,Doctor,411854,34378,102,0,Personal Auto,SUV,490
YJ88573,NV,F,Master,252307,43072,63,0,Personal Auto,Four-Door Car,302
SQ19467,OR,F,College,655422,25222,90,0,Personal Auto,Four-Door Car,476
YB66933,WA,F,Bachelor,538275,77552,68,1,Corporate Auto,Four-Door Car,45
ET79815,CA,F,College,592673,23091,96,5,Personal Auto,Four-Door Car,461
QC35222,CA,F,Bachelor,268347,48269,69,3,Corporate Auto,Four-Door Car,282
CJ15590,OR,F,Bachelor,269518,32720,67,0,Personal Auto,Four-Door Car,322
OI48267,CA,F,College,604703,20396,76,1,Personal Auto,Four-Door Car,365
JY67916,OR,F,College,1317101,21513,119,1,Personal Auto,Two-Door Car,680
OW15518,WA,F,College,1595002,0,87,1,Personal Auto,Two-Door Car,46
CZ33664,OR,F,Bachelor,252765,80744,63,0,Corporate Auto,Four-Door Car,12
WK30175,OR,F,Bachelor,267210,52822,67,0,Corporate Auto,Two-Door Car,351
ON44465,CA,F,High School or Below,531329,0,77,1,Personal Auto,Four-Door Car,863
TV87155,OR,F,Bachelor,2094619,69738,74,1,Personal Auto,Four-Door Car,492
KH48895,AZ,F,Master,837535,17780,109,0,Personal Auto,SUV,133
NZ30757,CA,F,Bachelor,480166,18107,62,0,Personal Auto,Four-Door Car,298
RI22468,AZ,F,Bachelor,574594,57740,74,3,Personal Auto,Four-Door Car,270
FZ30935,OR,F,College,606612,32627,76,0,Personal Auto,Two-Door Car,380
UG93476,CA,F,College,800231,0,107,0,Personal Auto,SUV,514
AB96670,CA,F,College,239392,0,70,0,Personal Auto,Four-Door Car,425
XK64261,OR,F,Bachelor,476282,65795,62,1,Corporate Auto,Two-Door Car,49
EV68375,CA,F,College,433039,60475,107,0,Personal Auto,Four-Door Car,514
UN51653,CA,F,High School or Below,940273,0,130,0,Personal Auto,SUV,936
TO96662,OR,F,Bachelor,696669,41837,88,0,Personal Auto,Four-Door Car,142
MR52087,CA,F,Bachelor,769406,32303,65,0,Personal Auto,Four-Door Car,45
DE75225,OR,F,High School or Below,871756,0,117,1,Personal Auto,SUV,562
EP80820,CA,F,Bachelor,592875,40531,74,0,Personal Auto,Two-Door Car,31
GU99037,OR,F,College,245298,79898,62,1,Corporate Auto,Four-Door Car,272
WI57118,CA,F,College,670157,56398,85,0,Personal Auto,Four-Door Car,408
GP39118,WA,M,High School or Below,499655,71600,63,0,Personal Auto,Two-Door Car,46
MQ14219,AZ,F,College,849270,27804,109,0,Personal Auto,SUV,785
KN20603,OR,F,Bachelor,771349,45506,66,2,Personal Auto,Four-Door Car,317
SG20925,WA,F,Master,518580,99428,6464,1,Personal Auto,Four-Door Car,48
JI70886,CA,F,High School or Below,729007,0,102,1,Corporate Auto,SUV,490
VF72557,OR,F,High School or Below,477294,20993,133,0,Personal Auto,SUV,638
OX28638,AZ,F,High School or Below,680649,37839,86,0,Personal Auto,Two-Door Car,466
SK55033,CA,F,Bachelor,246978,92711,62,0,Personal Auto,Two-Door Car,368
OO88645,CA,F,College,310392,74665,78,2,Corporate Auto,Four-Door Car,237
FM14335,WA,F,College,1048492,61108,89,0,Personal Auto,Four-Door Car,49
CW82151,CA,F,Bachelor,890274,46833,112,0,Personal Auto,Luxury,64
DY22043,OR,F,High School or Below,549945,88768,68,0,Personal Auto,Two-Door Car,326
SH36774,CA,F,High School or Below,1502360,28262,192,0,Personal Auto,Luxury,922
EM43724,NV,F,Bachelor,250911,33555,63,0,Personal Auto,Four-Door Car,102
FH85960,OR,F,College,3122175,42780,113,1,Personal Auto,Four-Door Car,542
XA55993,OR,F,Master,313350,58850,78,0,Personal Auto,Four-Door Car,144
GO36627,AZ,F,College,383745,21880,97,0,Special Auto,Four-Door Car,424
QH48047,OR,F,College,1179050,25251,66,0,Personal Auto,Four-Door Car,317
HS28694,WA,F,High School or Below,282986,25317,71,0,Personal Auto,Two-Door Car,50
UH65059,AZ,F,High School or Below,430581,24188,109,0,Personal Auto,Luxury,523
FV21968,NV,F,Bachelor,597398,41611,74,0,Special Auto,Four-Door Car,114
QA87025,OR,F,Bachelor,567044,28406,72,1,Personal Auto,Four-Door Car,193
TQ13499,AZ,F,College,473175,69833,118,0,Personal Auto,Four-Door Car,829
BU44523,AZ,F,High School or Below,802638,0,74,0,Corporate Auto,Four-Door Car,533
MS41162,AZ,F,High School or Below,402296,0,117,0,Personal Auto,SUV,975
PU25891,OR,F,High School or Below,961831,80536,119,0,Special Auto,Luxury,54
LH92841,WA,F,Bachelor,725595,88891,89,0,Personal Auto,Four-Door Car,51
SX26335,OR,F,College,955293,97732,79,0,Personal Auto,Four-Door Car,290
AZ95587,AZ,F,Bachelor,1038855,61222,89,0,Special Auto,Four-Door Car,393
DS81757,OR,M,College,247012,0,74,0,Personal Auto,Two-Door Car,721
OJ94107,AZ,M,Master,561907,50335,140,0,Personal Auto,SUV,457
LP84436,CA,F,High School or Below,904712,0,127,0,Personal Auto,Luxury,1088
FF22360,WA,F,Doctor,268731,82210,68,4,Personal Auto,Four-Door Car,52
LM19287,OR,F,High School or Below,373150,0,96,0,Personal Auto,Four-Door Car,461
ZU18643,NV,M,Bachelor,366077,64495,92,0,Corporate Auto,Four-Door Car,252
AZ82578,CA,F,College,792883,0,72,0,Corporate Auto,Four-Door Car,346
XC67861,AZ,F,Bachelor,501175,28859,67,3,Corporate Auto,Two-Door Car,322
YC43143,AZ,F,High School or Below,798826,77330,99,0,Personal Auto,Four-Door Car,99
EK59571,OR,M,College,388546,0,105,0,Corporate Auto,Four-Door Car,504
PA38372,WA,F,High School or Below,935774,33060,117,0,Personal Auto,Four-Door Car,57
RO18530,WA,M,Master,254069,42557,65,0,Personal Auto,Four-Door Car,58
PD27940,AZ,M,High School or Below,488516,26372,126,0,Personal Auto,SUV,605
BS77946,AZ,F,Bachelor,975331,17514,127,0,Personal Auto,SUV,8
YM50253,CA,F,Bachelor,294615,89270,74,0,Personal Auto,Four-Door Car,317
NR15332,CA,M,High School or Below,258111,29757,65,0,Personal Auto,Four-Door Car,312
RC62865,OR,M,College,351739,51814,92,0,Personal Auto,Four-Door Car,56
CC15295,OR,F,Bachelor,974335,24028,82,0,Personal Auto,Four-Door Car,394
KA61892,AZ,M,College,387365,28142,105,0,Personal Auto,Luxury,702
OS94884,AZ,F,Bachelor,764928,52705,64,1,Personal Auto,Two-Door Car,129
ND87334,CA,M,High School or Below,228760,0,63,0,Corporate Auto,Two-Door Car,679
OY51402,WA,F,High School or Below,825576,54040,103,0,Personal Auto,SUV,60
YL74911,CA,F,College,871492,0,118,0,Personal Auto,SUV,566
GK92563,WA,F,Doctor,681923,22492,85,0,Personal Auto,Two-Door Car,62
HL53154,CA,M,Bachelor,741620,0,77,2,Personal Auto,Four-Door Car,554
RI78966,OR,M,Master,777116,21876,68,0,Personal Auto,Four-Door Car,465
IC13702,CA,F,Bachelor,696834,0,69,1,Personal Auto,Four-Door Car,497
BE10809,CA,F,High School or Below,425028,0,61,1,Personal Auto,Four-Door Car,293
HT87217,OR,F,High School or Below,1977657,70699,82,0,Personal Auto,Four-Door Car,257
TH95618,CA,F,High School or Below,2134347,0,74,1,Personal Auto,Four-Door Car,355
TS19868,CA,M,College,241314,27501,63,0,Personal Auto,Four-Door Car,542
LP45550,OR,F,Doctor,1536385,15897,101,0,Personal Auto,Four-Door Car,303
QR87004,NV,F,College,845696,25141,73,1,Personal Auto,Four-Door Car,25
OE75747,NV,F,College,218964,0,61,3,Personal Auto,Four-Door Car,293
DX91392,CA,M,High School or Below,578018,51066,74,0,Personal Auto,Four-Door Car,788
AB72731,CA,F,Bachelor,463998,28358,117,0,Personal Auto,Luxury,84
GX84338,WA,F,Doctor,382443,62530,95,0,Personal Auto,Four-Door Car,62
IS12901,AZ,F,Bachelor,596812,90972,74,0,Personal Auto,Two-Door Car,233
BN90616,WA,F,Bachelor,859034,63110,72,0,Personal Auto,Four-Door Car,68
HH90090,CA,F,Bachelor,407663,29549,104,0,Personal Auto,Luxury,710
IU25463,CA,F,Bachelor,1225260,0,115,1,Personal Auto,Four-Door Car,552
KC11055,NV,F,Bachelor,1693627,39411,217,2,Personal Auto,Luxury,1123
PD33979,OR,M,High School or Below,489244,21709,62,0,Personal Auto,Four-Door Car,408
NK71023,NV,M,Bachelor,994230,67890,85,0,Personal Auto,Four-Door Car,408
AB13432,CA,M,Bachelor,373584,0,110,0,Personal Auto,SUV,792
OZ97704,CA,F,High School or Below,1311752,84311,111,4,Personal Auto,SUV,533
UF46533,CA,F,College,457452,99316,114,0,Corporate Auto,SUV,754
XP47431,AZ,F,Bachelor,547006,54507,138,0,Personal Auto,SUV,703
GK73582,CA,F,Bachelor,297885,64586,76,0,Personal Auto,Four-Door Car,207
RV98763,OR,M,College,641097,61709,82,2,Personal Auto,Four-Door Car,275
II62831,CA,M,Master,447902,94656,111,1,Special Auto,SUV,460
XK33449,CA,F,High School or Below,238373,0,69,0,Special Auto,Two-Door Car,497
TR85083,CA,M,Bachelor,276449,61085,70,1,Personal Auto,Two-Door Car,336
EO95328,OR,F,Bachelor,792011,89284,67,3,Personal Auto,Two-Door Car,322
EN21086,AZ,F,High School or Below,688910,0,63,0,Personal Auto,Four-Door Car,302
YL83902,WA,F,Bachelor,327419,31686,81,0,Personal Auto,Four-Door Car,431
AZ62651,OR,M,High School or Below,995171,56855,255,0,Corporate Auto,Luxury,1836
ZW25874,OR,M,Bachelor,252156,53703,67,2,Special Auto,Four-Door Car,68
EH41854,WA,F,High School or Below,2370611,0,96,1,Personal Auto,Two-Door Car,844
MW70227,CA,M,College,604703,20396,76,1,Personal Auto,Four-Door Car,365
SL22297,CA,F,Master,1114030,27679,150,0,Personal Auto,SUV,722
RV14138,NV,F,Bachelor,433406,23904,123,3,Personal Auto,SUV,590
UO62808,AZ,F,High School or Below,279975,65351,69,0,Corporate Auto,Four-Door Car,481
ZX64745,CA,M,College,792314,0,113,0,Personal Auto,SUV,1124
FL34139,CA,M,High School or Below,368811,0,63,3,Personal Auto,Four-Door Car,670
TS11219,CA,M,College,1206746,0,116,0,Personal Auto,SUV,1284
XX12304,CA,F,College,292498,64459,72,0,Personal Auto,Four-Door Car,240
SD64087,CA,M,College,1501409,32961,190,0,Corporate Auto,SUV,912
OY38576,OR,F,High School or Below,927723,71416,116,0,Corporate Auto,SUV,557
BG76355,WA,F,Bachelor,627412,68964,78,0,Personal Auto,Four-Door Car,115
IP66913,CA,M,High School or Below,388665,78108,98,0,Personal Auto,Two-Door Car,470
LE95702,CA,M,College,438628,10621,67,0,Special Auto,Four-Door Car,322
KX54357,WA,M,College,1136527,84910,95,0,Corporate Auto,Two-Door Car,383
EZ78112,CA,F,High School or Below,561096,77493,70,0,Special Auto,Four-Door Car,308
XN16891,AZ,M,College,291289,81097,74,0,Personal Auto,Four-Door Car,355
XK31350,OR,F,College,691573,96610,85,0,Corporate Auto,Four-Door Car,520
CC30924,OR,M,College,626266,30110,159,0,Corporate Auto,Luxury,466
IT78748,OR,F,High School or Below,650340,22081,84,0,Special Auto,Two-Door Car,452
KY33386,WA,F,High School or Below,800740,0,112,0,Personal Auto,Luxury,538
CO44221,CA,M,College,292992,98473,72,0,Personal Auto,Four-Door Car,346
LK60013,OR,F,Bachelor,596955,97431,74,0,Personal Auto,Four-Door Car,355
DE21533,CA,M,Bachelor,547316,93870,69,0,Personal Auto,Four-Door Car,331
YS94121,NV,M,High School or Below,564540,50366,72,0,Personal Auto,Four-Door Car,429
UK68427,WA,M,High School or Below,636926,34498,83,0,Personal Auto,Two-Door Car,398
TE49565,OR,F,College,1183377,16552,103,0,Personal Auto,SUV,494
RA88421,OR,F,College,612111,26787,77,0,Personal Auto,Four-Door Car,370
KQ51983,NV,M,College,515937,0,74,0,Personal Auto,Two-Door Car,832
CD88896,NV,F,High School or Below,251459,43860,65,0,Corporate Auto,Four-Door Car,156
YV22553,AZ,M,High School or Below,866861,21474,114,2,Corporate Auto,SUV,373
WU14435,CA,M,Bachelor,496097,18174,66,0,Corporate Auto,Four-Door Car,396
XV84099,AZ,F,Bachelor,550414,0,73,0,Corporate Auto,Four-Door Car,350
RI24911,AZ,M,College,750746,60920,64,0,Personal Auto,Two-Door Car,231
KO26461,AZ,M,High School or Below,3226985,41520,90,0,Personal Auto,Four-Door Car,290
HI14283,OR,F,Bachelor,565703,0,152,0,Personal Auto,SUV,730
PT50227,AZ,M,High School or Below,506176,0,68,0,Personal Auto,Two-Door Car,326
BH36570,CA,M,Bachelor,591278,72208,73,0,Personal Auto,Two-Door Car,350
TX17484,CA,F,Bachelor,1518228,53863,63,0,Personal Auto,Four-Door Car,106
CT41158,WA,M,College,1074703,66446,136,0,Corporate Auto,SUV,639
AO87348,WA,M,College,205062,0,61,0,Personal Auto,Four-Door Car,293
DE55857,WA,F,Bachelor,246544,64997,63,1,Personal Auto,Four-Door Car,383
LF66923,NV,F,High School or Below,534312,64460,66,0,Corporate Auto,Two-Door Car,317
CN24514,AZ,F,College,811983,46618,67,0,Personal Auto,Four-Door Car,99
UW32074,OR,F,College,460527,0,64,0,Corporate Auto,Four-Door Car,307
HP36979,CA,M,College,640879,49988,84,5,Personal Auto,Two-Door Car,567
PP40919,CA,F,College,237653,0,91,5,Personal Auto,Two-Door Car,437
RO73268,CA,M,Bachelor,321107,16269,86,0,Corporate Auto,Two-Door Car,413
HO61691,AZ,F,Bachelor,509452,72006,64,0,Personal Auto,Four-Door Car,307
BS13062,AZ,F,High School or Below,2575528,0,81,2,Personal Auto,Four-Door Car,389
FO35655,OR,M,Bachelor,867223,0,245,0,Corporate Auto,Luxury,2345
HR10526,CA,M,Master,804473,44320,67,0,Personal Auto,Four-Door Car,322
IA63417,AZ,F,High School or Below,400152,19782,108,0,Personal Auto,Two-Door Car,773
BH35016,NV,F,Bachelor,1670612,63933,70,0,Personal Auto,Two-Door Car,425
PK52952,AZ,M,Doctor,854441,28224,109,0,Personal Auto,SUV,523
OD76309,WA,F,College,780531,21073,106,1,Personal Auto,SUV,509
IL28481,OR,M,Bachelor,611276,63243,77,0,Personal Auto,Four-Door Car,364
GY55092,NV,M,High School or Below,477294,20993,133,0,Personal Auto,SUV,638
UF33451,OR,F,Bachelor,1097910,94827,135,0,Personal Auto,SUV,355
CF15558,CA,F,Master,500426,39161,63,1,Personal Auto,Two-Door Car,284
JM62924,WA,M,Bachelor,1322304,37534,84,2,Personal Auto,Four-Door Car,403
EM66435,OR,F,Bachelor,262332,80210,65,0,Corporate Auto,Four-Door Car,21
QX45933,CA,M,Bachelor,1784020,0,62,0,Personal Auto,Four-Door Car,385
JI71369,CA,F,College,510611,30110,64,0,Personal Auto,Four-Door Car,140
JU93290,AZ,F,College,1793060,21708,68,0,Personal Auto,Four-Door Car,326
GU66096,AZ,M,High School or Below,545734,94731,67,0,Personal Auto,Four-Door Car,322
UC33108,CA,M,Bachelor,656364,32375,83,0,Personal Auto,Four-Door Car,398
LW93867,OR,M,College,481253,16531,63,0,Corporate Auto,Four-Door Car,103
OU78470,AZ,F,Master,2932804,32006,94,0,Corporate Auto,Four-Door Car,57
XW90265,AZ,F,Bachelor,577352,81676,72,0,Personal Auto,Two-Door Car,463
HS67749,CA,M,College,684712,71038,86,0,Corporate Auto,Four-Door Car,205
VZ51506,AZ,F,High School or Below,359531,0,103,0,Corporate Auto,Luxury,742
UI64281,NV,F,Master,2285561,20832,65,0,Personal Auto,Two-Door Car,56
AE98193,WA,M,High School or Below,785941,0,113,0,Personal Auto,SUV,814
AZ74055,OR,M,High School or Below,411558,52405,103,0,Personal Auto,Four-Door Car,494
XS76911,AZ,F,High School or Below,502964,0,133,0,Personal Auto,Luxury,796
AY40674,WA,F,Bachelor,482142,26583,1005,4,Personal Auto,SUV,614
NA12740,OR,M,Master,500431,25486,65,0,Special Auto,Two-Door Car,72
UA84837,AZ,M,College,863005,24065,111,0,Corporate Auto,Four-Door Car,533
DJ51510,AZ,F,High School or Below,932209,70435,116,0,Personal Auto,Four-Door Car,68
VM58985,CA,M,College,1672756,0,76,2,Personal Auto,Two-Door Car,403
OH60605,OR,F,High School or Below,365253,39679,92,0,Personal Auto,Two-Door Car,641
UO98052,NV,M,College,615860,0,89,0,Personal Auto,Four-Door Car,342
NC53424,CA,M,Bachelor,437608,0,69,4,Personal Auto,Two-Door Car,331
LQ13873,NV,M,High School or Below,556946,53565,71,1,Personal Auto,Four-Door Car,341
LA97014,WA,M,Bachelor,257651,37574,66,1,Personal Auto,Two-Door Car,412
NB79936,WA,M,Bachelor,834698,48259,108,0,Personal Auto,Two-Door Car,74
NT89061,AZ,F,High School or Below,632392,78532,78,0,Personal Auto,Four-Door Car,374
AF10970,AZ,F,Bachelor,597314,96163,73,0,Corporate Auto,Four-Door Car,350
ZG48513,CA,M,Bachelor,470668,0,72,0,Personal Auto,Four-Door Car,346
JQ59145,CA,M,High School or Below,809341,0,114,1,Personal Auto,Luxury,722
FE84989,WA,M,College,503574,72672,63,0,Personal Auto,Four-Door Car,259
JT52858,OR,F,Bachelor,902787,99002,112,1,Personal Auto,Four-Door Car,538
MC62068,CA,M,High School or Below,728888,79494,91,0,Personal Auto,Four-Door Car,396
EU27538,OR,M,Master,1804248,35704,225,0,Personal Auto,Luxury,358
RH42306,AZ,F,Bachelor,499206,0,71,0,Corporate Auto,Four-Door Car,653
US23612,OR,F,High School or Below,910227,26049,118,0,Personal Auto,Two-Door Car,121
WV76014,AZ,M,Doctor,254041,70125,64,0,Special Auto,Four-Door Car,93
RK96223,CA,M,College,1294189,52369,110,1,Personal Auto,SUV,528
MF82000,WA,F,Bachelor,236535,0,66,2,Special Auto,Four-Door Car,160
FM46980,AZ,M,College,572077,41770,72,0,Personal Auto,Four-Door Car,476
SY56792,OR,M,High School or Below,703553,0,101,0,Corporate Auto,Four-Door Car,727
RF61565,CA,M,College,263698,31911,67,0,Personal Auto,Four-Door Car,322
IM94808,NV,M,Bachelor,539583,70051,68,0,Corporate Auto,Four-Door Car,42
VI14730,OR,M,High School or Below,838263,19683,117,1,Personal Auto,Luxury,562
YR34119,WA,F,College,3116175,30916,112,0,Personal Auto,SUV,200
RR77985,OR,F,Bachelor,288774,0,80,0,Personal Auto,Four-Door Car,677
QD28391,WA,M,College,742585,84302,62,0,Personal Auto,Four-Door Car,77
WV17090,CA,M,Bachelor,2558573,0,116,0,Corporate Auto,SUV,831
TM23514,OR,M,College,1027261,60145,132,0,Personal Auto,SUV,580
MQ68407,OR,F,Bachelor,437636,63774,111,0,Personal Auto,Four-Door Car,60
GJ59592,CA,F,Bachelor,531890,25134,67,0,Corporate Auto,Four-Door Car,322
FY56083,OR,M,Bachelor,471976,37057,61,1,Personal Auto,Four-Door Car,48
UA94723,OR,F,High School or Below,442803,58577,110,0,Personal Auto,SUV,304
FW91032,CA,M,High School or Below,587918,85857,73,0,Corporate Auto,Four-Door Car,101
DE34457,OR,F,Doctor,941691,70602,116,0,Personal Auto,SUV,481
HD32044,OR,F,Master,828816,33816,106,2,Corporate Auto,Four-Door Car,509
HH30454,OR,M,Bachelor,3265484,0,153,0,Personal Auto,SUV,1102
AH84063,OR,F,College,471945,89642,121,4,Corporate Auto,SUV,86
QA17596,CA,F,Bachelor,390347,60068,98,0,Personal Auto,Two-Door Car,470
XI41052,CA,F,Bachelor,545726,50044,139,0,Personal Auto,SUV,667
DI30528,CA,F,Master,272536,36650,69,1,Personal Auto,Four-Door Car,57
SC66359,AZ,F,College,443397,50653,110,0,Corporate Auto,SUV,263
EN61670,AZ,F,Doctor,533246,68931,66,0,Personal Auto,Four-Door Car,310
DQ10761,OR,M,Bachelor,231510,0,73,1,Corporate Auto,Four-Door Car,350
BQ51587,CA,F,College,541195,0,73,0,Personal Auto,Four-Door Car,365
JE21522,CA,M,Bachelor,958733,39266,80,0,Personal Auto,Four-Door Car,384
WS47147,CA,M,College,2210351,0,102,0,Personal Auto,SUV,490
ZA64638,NV,F,High School or Below,976495,0,98,1,Personal Auto,Four-Door Car,706
EW38459,NV,F,Bachelor,256715,40864,65,0,Corporate Auto,Four-Door Car,10
QW87316,OR,F,College,265062,39035,68,0,Personal Auto,Four-Door Car,245
IC43478,CA,M,Bachelor,1126436,34923,98,0,Personal Auto,Two-Door Car,639
TE34064,CA,M,High School or Below,216852,0,63,0,Personal Auto,Four-Door Car,454
WU60905,CA,F,High School or Below,861067,0,111,0,Corporate Auto,SUV,533
YM18992,CA,F,College,283465,24506,71,0,Personal Auto,Two-Door Car,511
PD55753,OR,M,High School or Below,893014,0,82,0,Personal Auto,Four-Door Car,555
KU56006,AZ,F,College,553639,52220,70,1,Personal Auto,Four-Door Car,336
MJ69973,AZ,M,High School or Below,284085,0,74,0,Personal Auto,Two-Door Car,402
TW43626,CA,M,College,808288,53554,67,0,Personal Auto,Four-Door Car,327
XX84133,CA,M,Bachelor,525473,34476,67,1,Corporate Auto,Four-Door Car,5
ZW84453,AZ,F,Bachelor,511624,0,70,0,Personal Auto,Four-Door Car,131
HO29524,CA,M,College,303465,68205,76,0,Personal Auto,Two-Door Car,99
VE89726,CA,F,High School or Below,802490,0,119,1,Personal Auto,SUV,857
GE87503,CA,M,High School or Below,1821114,53690,154,0,Personal Auto,SUV,739
PX90263,OR,M,High School or Below,512156,0,72,0,Personal Auto,Four-Door Car,518
NI17718,CA,F,High School or Below,215018,0,61,0,Personal Auto,Four-Door Car,293
FY32213,CA,F,High School or Below,559539,74454,71,0,Personal Auto,Four-Door Car,341
RZ13254,NV,F,Bachelor,756282,0,73,0,Personal Auto,Four-Door Car,350
GN45013,OR,M,High School or Below,538585,29664,71,0,Personal Auto,Four-Door Car,341
NM39588,WA,F,Doctor,267806,72450,66,0,Corporate Auto,Four-Door Car,84
KU84464,NV,F,Bachelor,942257,47272,79,3,Personal Auto,Four-Door Car,65
YH43527,OR,F,College,360586,21585,92,0,Corporate Auto,Four-Door Car,442
RO30676,CA,F,College,776259,23827,106,2,Personal Auto,Four-Door Car,38
QL59704,AZ,F,College,2344490,69906,74,2,Corporate Auto,Four-Door Car,203
QH19450,CA,F,High School or Below,255818,0,72,0,Corporate Auto,Four-Door Car,346
SA54664,WA,M,Master,265438,73196,66,1,Personal Auto,Four-Door Car,86
CI38330,WA,M,Bachelor,254979,72217,6464,0,Personal Auto,Four-Door Car,91
WB38524,CA,M,High School or Below,296959,46131,74,0,Personal Auto,Two-Door Car,355
CE56187,OR,F,Master,436312,54514,109,3,Personal Auto,SUV,286
JL19416,CA,F,High School or Below,588431,0,161,0,Personal Auto,SUV,1159
JZ61422,NV,F,College,527219,96668,66,0,Personal Auto,Four-Door Car,317
LA13377,CA,M,Doctor,550990,78879,69,1,Personal Auto,Four-Door Car,467
NC99948,NV,M,College,1631368,0,69,0,Personal Auto,Four-Door Car,331
QD34785,AZ,F,Bachelor,567805,0,76,0,Personal Auto,Four-Door Car,365
RO26085,CA,F,Bachelor,1210121,0,112,0,Personal Auto,Luxury,1252
ES57969,OR,M,Bachelor,245357,29735,69,0,Personal Auto,Four-Door Car,331
JK55587,CA,M,High School or Below,507566,23082,65,0,Special Auto,Four-Door Car,312
RN97635,AZ,M,Bachelor,321498,53984,80,0,Corporate Auto,Four-Door Car,421
BI76326,CA,F,College,1227534,52135,156,0,Personal Auto,SUV,431
JA34909,CA,F,College,272221,17576,71,0,Corporate Auto,Four-Door Car,399
OJ90342,OR,F,Bachelor,245744,29486,62,0,Personal Auto,Four-Door Car,8
CM88932,OR,F,Master,355485,58557,88,0,Corporate Auto,Four-Door Car,56
JJ97525,CA,M,Bachelor,492955,25632,63,0,Personal Auto,Two-Door Car,351
XV21647,CA,F,High School or Below,803645,0,112,0,Personal Auto,Luxury,806
MC83487,AZ,M,Bachelor,427692,18768,68,3,Corporate Auto,Four-Door Car,647
BL90769,CA,F,Bachelor,3347335,33190,106,0,Personal Auto,SUV,509
CR57148,OR,F,Master,596058,47945,74,0,Personal Auto,Two-Door Car,128
CP85232,AZ,M,College,4479547,58778,126,0,Special Auto,SUV,302
YL74732,CA,F,High School or Below,383212,15192,100,0,Personal Auto,SUV,480
FG16766,CA,F,Bachelor,683793,51859,171,0,Personal Auto,SUV,1003
NV55438,NV,F,High School or Below,528527,23422,72,0,Personal Auto,Two-Door Car,518
RM10880,CA,F,College,309651,21604,79,0,Corporate Auto,Four-Door Car,379
GL56175,AZ,M,College,358971,79298,90,0,Personal Auto,Four-Door Car,244
UK52289,AZ,F,Bachelor,258241,76731,64,0,Special Auto,Four-Door Car,201
OT85112,WA,M,College,340392,38460,88,1,Personal Auto,Four-Door Car,92
BC62782,AZ,F,College,1357568,48534,115,1,Personal Auto,SUV,552
TI19722,WA,M,Doctor,343613,30817,88,0,Corporate Auto,Four-Door Car,92
JP30654,OR,F,College,2868583,48412,104,0,Personal Auto,SUV,707
UM45563,WA,M,Bachelor,450268,68798,114,0,Personal Auto,SUV,93
EN60878,OR,M,Bachelor,618311,23712,85,0,Personal Auto,Four-Door Car,376
JF36291,CA,M,College,387365,28142,105,0,Personal Auto,Luxury,702
BK59444,CA,F,Master,1892933,72196,68,0,Personal Auto,Four-Door Car,152
MK70700,CA,M,Master,555330,68197,69,0,Personal Auto,Four-Door Car,177
IW71076,CA,M,Bachelor,501126,75248,63,0,Corporate Auto,Four-Door Car,104
AP98768,CA,F,College,1044245,0,98,0,Personal Auto,Four-Door Car,942
OM24164,NV,M,Bachelor,219962,0,65,1,Personal Auto,Two-Door Car,468
HR85211,WA,F,Master,512317,89879,63,0,Personal Auto,Two-Door Car,94
VC87846,OR,M,High School or Below,748431,46998,96,0,Corporate Auto,Four-Door Car,461
ZM92052,OR,M,Bachelor,261302,57099,67,0,Personal Auto,Two-Door Car,68
ON73702,AZ,F,Bachelor,908064,33897,114,0,Corporate Auto,SUV,540
QQ90441,NV,F,High School or Below,1377098,59207,116,0,Personal Auto,Four-Door Car,557
HU35721,OR,M,High School or Below,287682,40171,73,0,Personal Auto,Four-Door Car,350
YP47665,WA,M,Doctor,540891,80192,67,0,Personal Auto,Four-Door Car,95
FU99476,WA,M,High School or Below,677031,74422,85,1,Personal Auto,Four-Door Car,95
AG85615,OR,M,College,2414388,0,87,0,Special Auto,Four-Door Car,626
OY74069,AZ,F,College,353806,0,67,5,Personal Auto,Four-Door Car,322
DJ91267,NV,F,Bachelor,2909124,34226,244,0,Personal Auto,Luxury,494
KB72438,CA,F,High School or Below,1983420,65989,123,1,Personal Auto,SUV,116
TR67616,OR,M,High School or Below,473137,30686,61,0,Corporate Auto,Four-Door Car,20
GF65731,CA,F,Master,3553785,0,113,0,Personal Auto,Luxury,800
HB67642,AZ,F,High School or Below,3461138,20090,109,0,Personal Auto,Luxury,523
DP84567,CA,M,High School or Below,2021631,0,183,0,Personal Auto,Luxury,878
VV77534,OR,M,College,1397652,77094,176,0,Personal Auto,SUV,444
GL67540,CA,F,College,590409,97413,73,0,Personal Auto,Four-Door Car,269
SV50502,OR,F,Master,559584,79189,69,0,Corporate Auto,Four-Door Car,331
UK59698,CA,F,High School or Below,229430,0,62,0,Personal Auto,Two-Door Car,298
OA57352,AZ,F,College,627391,18577,86,0,Personal Auto,Four-Door Car,413
ZF84449,OR,F,College,372673,0,112,1,Special Auto,Luxury,806
AX86150,WA,M,High School or Below,265671,62777,67,0,Personal Auto,Two-Door Car,101
HG39060,OR,M,Bachelor,511068,0,74,0,Corporate Auto,Four-Door Car,533
EM29359,NV,M,College,712660,17483,183,0,Personal Auto,Luxury,1318
SF57173,OR,M,Master,460163,84394,114,0,Personal Auto,SUV,691
OT47603,OR,M,College,915524,0,127,0,Personal Auto,Luxury,805
SW31412,OR,F,College,1480806,41440,62,1,Personal Auto,Four-Door Car,298
JS36322,AZ,M,High School or Below,890168,0,136,1,Personal Auto,Luxury,1091
RE81445,OR,F,College,573460,98132,71,0,Personal Auto,Two-Door Car,51
RM24280,OR,F,High School or Below,417770,0,112,0,Personal Auto,Four-Door Car,538
LC25393,CA,M,Bachelor,2777629,88220,230,0,Personal Auto,Luxury,152
UX38930,AZ,F,Master,1036435,58327,129,0,Personal Auto,SUV,347
HD95496,OR,M,Master,785190,25950,66,0,Personal Auto,Two-Door Car,272
RX24650,OR,M,High School or Below,477294,20993,133,0,Corporate Auto,SUV,638
DW19309,OR,M,High School or Below,1422650,65726,177,0,Corporate Auto,SUV,850
MT41386,WA,M,Bachelor,287543,84768,72,0,Personal Auto,Two-Door Car,110
WZ40465,WA,F,Bachelor,504130,36234,63,0,Personal Auto,Four-Door Car,114
DB42794,CA,M,College,436293,58842,110,0,Personal Auto,Four-Door Car,528
JB50798,OR,F,Master,962452,25629,124,2,Corporate Auto,Luxury,595
IP69763,WA,F,College,2191441,77311,181,0,Personal Auto,SUV,114
TE35785,CA,M,Doctor,694842,0,196,2,Personal Auto,Luxury,1337
HX74855,WA,M,High School or Below,247153,95697,61,0,Personal Auto,Two-Door Car,114
QN65180,OR,F,Bachelor,2190391,22254,79,0,Personal Auto,Four-Door Car,125
GE47180,NV,M,High School or Below,902882,65974,113,0,Personal Auto,Luxury,235
VQ38776,OR,F,College,530376,0,76,0,Personal Auto,Four-Door Car,395
BH86846,WA,M,High School or Below,2070826,92079,65,1,Corporate Auto,Four-Door Car,115
IN17648,NV,M,High School or Below,512377,0,74,0,Personal Auto,Two-Door Car,773
DF95759,OR,M,College,949234,0,132,0,Personal Auto,SUV,634
QG45324,OR,F,High School or Below,820486,0,73,0,Personal Auto,Four-Door Car,350
MN61620,AZ,F,College,987730,67752,131,4,Personal Auto,Luxury,169
YH86390,CA,F,Bachelor,481501,25398,64,0,Corporate Auto,Four-Door Car,307
FY13480,CA,M,High School or Below,627701,0,88,0,Personal Auto,Four-Door Car,634
YH61661,CA,M,High School or Below,826064,33321,105,0,Special Auto,SUV,504
NL93182,NV,M,Bachelor,254945,0,78,0,Corporate Auto,Four-Door Car,846
LN31673,WA,F,College,1131809,38923,99,2,Personal Auto,Four-Door Car,116
WE68644,OR,F,Bachelor,380392,20325,100,0,Personal Auto,Luxury,668
EZ30498,OR,M,Bachelor,863540,13129,117,0,Personal Auto,SUV,701
QY74517,OR,F,High School or Below,551056,0,73,0,Personal Auto,Four-Door Car,526
NM88660,NV,M,Master,358588,49080,91,0,Corporate Auto,Four-Door Car,25
MZ82036,NV,M,College,488925,42536,63,0,Personal Auto,Four-Door Car,375
ID20929,OR,M,Bachelor,275694,29926,74,0,Corporate Auto,Four-Door Car,418
EY50028,NV,M,Doctor,328955,0,86,0,Corporate Auto,Two-Door Car,398
TT82373,CA,F,Bachelor,1093718,21450,138,0,Personal Auto,Luxury,939
OH64088,CA,M,High School or Below,737557,33345,65,0,Corporate Auto,Four-Door Car,339
SK97780,CA,F,Bachelor,1011078,15752,90,0,Corporate Auto,Two-Door Car,339
IO33050,OR,F,High School or Below,511941,40169,65,1,Personal Auto,Four-Door Car,303
XA55917,CA,F,College,853383,26049,113,1,Personal Auto,SUV,619
JK32620,NV,M,College,222477,0,68,0,Personal Auto,Four-Door Car,326
RQ19236,AZ,M,Doctor,804280,55411,100,0,Personal Auto,Luxury,260
QC47433,OR,M,College,255444,12459,70,0,Personal Auto,Four-Door Car,336
RA93608,OR,M,Bachelor,1807394,64620,76,1,Personal Auto,Two-Door Car,365
XH97711,CA,M,Bachelor,243051,83140,61,0,Corporate Auto,Four-Door Car,179
AU96286,OR,F,Bachelor,316766,0,92,0,Corporate Auto,Four-Door Car,662
KC17170,AZ,F,Bachelor,546560,54422,68,0,Corporate Auto,Four-Door Car,76
ZN47335,CA,M,College,1035751,68309,131,0,Corporate Auto,SUV,307
EI46264,CA,M,High School or Below,253781,56621,65,2,Personal Auto,Four-Door Car,84
EK87864,AZ,F,College,282195,38977,70,0,Special Auto,Four-Door Car,139
GV45403,AZ,M,Bachelor,775713,0,111,0,Corporate Auto,Two-Door Car,607
QK31192,AZ,M,High School or Below,407913,0,114,0,Corporate Auto,Two-Door Car,631
LU89008,AZ,F,College,595554,0,83,0,Personal Auto,Four-Door Car,628
NS10490,OR,F,Bachelor,1415861,83235,70,0,Personal Auto,Two-Door Car,336
KL98495,NV,M,College,848724,0,74,0,Personal Auto,Two-Door Car,427
IU96845,AZ,M,College,628548,32390,80,0,Personal Auto,Four-Door Car,91
QL93655,OR,F,High School or Below,1147348,66538,95,0,Personal Auto,Two-Door Car,318
PF40592,WA,F,College,494263,23285,65,0,Personal Auto,Two-Door Car,118
LZ34046,OR,M,Bachelor,2359468,76358,66,0,Personal Auto,Four-Door Car,86
JC80093,WA,M,Master,257251,21104,66,0,Personal Auto,Four-Door Car,118
YE88490,AZ,F,College,538090,55350,67,0,Personal Auto,Four-Door Car,322
YC80498,CA,F,College,477055,12964,65,0,Personal Auto,Two-Door Car,363
AI85843,AZ,F,Master,675665,33288,86,2,Personal Auto,Four-Door Car,222
XD66024,AZ,F,College,593601,0,84,0,Personal Auto,Four-Door Car,980
FY51713,AZ,F,Bachelor,357076,56168,88,0,Personal Auto,Four-Door Car,615
PH26378,CA,M,College,601996,0,92,0,Personal Auto,Four-Door Car,662
WQ18638,OR,M,High School or Below,542686,23105,69,0,Personal Auto,Two-Door Car,331
KY14688,OR,F,Master,273031,36218,68,0,Personal Auto,Four-Door Car,145
TC97762,CA,F,High School or Below,498268,52275,62,0,Corporate Auto,Four-Door Car,374
QC87108,OR,F,College,876927,49665,74,0,Personal Auto,Four-Door Car,355
CX12134,NV,M,High School or Below,422061,32471,110,0,Personal Auto,Two-Door Car,528
SM73248,AZ,M,High School or Below,1153751,0,86,1,Corporate Auto,Two-Door Car,619
CK19789,CA,F,Master,588718,62773,73,0,Personal Auto,Four-Door Car,81
UV12583,CA,F,College,470058,76694,117,0,Personal Auto,SUV,562
JC11405,OR,M,High School or Below,1096396,55687,276,0,Personal Auto,Luxury,1325
KA89683,AZ,F,High School or Below,252317,0,70,0,Personal Auto,Four-Door Car,504
BG85305,NV,M,Doctor,375780,36633,96,1,Personal Auto,Four-Door Car,461
UQ87917,OR,M,High School or Below,1294173,77060,106,0,Personal Auto,SUV,469
XN11823,NV,F,Bachelor,376447,92600,94,0,Corporate Auto,Two-Door Car,842
OS46571,CA,M,High School or Below,688956,0,66,0,Personal Auto,Four-Door Car,475
PX17116,NV,M,College,362345,0,111,2,Corporate Auto,SUV,1172
RP19541,AZ,M,College,758211,64801,64,0,Personal Auto,Four-Door Car,268
ZR25747,OR,F,College,827775,45257,103,0,Corporate Auto,Two-Door Car,494
NQ86532,CA,M,High School or Below,257646,26854,66,0,Personal Auto,Four-Door Car,475
JY27336,OR,F,College,820539,85840,102,2,Corporate Auto,SUV,139
PB54378,OR,F,Doctor,1958247,26463,72,0,Corporate Auto,Four-Door Car,346
SV38190,NV,F,Bachelor,648153,30689,81,0,Personal Auto,Four-Door Car,467
CV24005,OR,M,High School or Below,259931,29590,66,0,Corporate Auto,Two-Door Car,468
EX28656,OR,F,College,983034,25965,253,0,Personal Auto,Luxury,1214
CF57022,OR,M,Bachelor,1044265,17269,139,0,Personal Auto,SUV,667
GM16780,OR,M,College,3605754,90330,137,3,Corporate Auto,Luxury,192
BX94438,CA,F,High School or Below,847004,0,113,0,Corporate Auto,SUV,620
RM41745,CA,F,High School or Below,827879,0,110,0,Personal Auto,Four-Door Car,1003
XR70252,CA,F,High School or Below,478893,0,67,1,Personal Auto,Two-Door Car,322
YH92099,AZ,F,Bachelor,308800,18558,80,0,Special Auto,Four-Door Car,384
SG81493,AZ,M,Bachelor,444374,46384,113,0,Corporate Auto,Four-Door Car,252
ZX23819,OR,F,High School or Below,798409,0,72,0,Personal Auto,Two-Door Car,866
FJ54907,OR,F,College,718097,42303,180,0,Personal Auto,Luxury,1211
CU26127,CA,F,Bachelor,1565603,71731,130,0,Corporate Auto,SUV,600
YH60476,OR,M,High School or Below,578018,51066,74,0,Corporate Auto,Four-Door Car,788
ZZ97035,CA,M,College,2071494,0,203,0,Corporate Auto,Luxury,2028
GE82737,NV,F,Bachelor,533735,0,86,3,Personal Auto,Four-Door Car,619
KY21873,AZ,M,College,505083,0,69,0,Personal Auto,Two-Door Car,73
UA51318,AZ,F,High School or Below,511662,26173,68,1,Corporate Auto,Four-Door Car,450
BV55014,OR,M,Bachelor,726874,24445,63,0,Personal Auto,Two-Door Car,302
HX21307,OR,M,College,261661,72302,66,0,Personal Auto,Two-Door Car,317
LQ68252,OR,M,High School or Below,373844,27208,102,0,Personal Auto,SUV,490
CR92802,CA,F,Master,272536,36650,69,1,Special Auto,Four-Door Car,57
SL35268,AZ,M,College,545386,30855,68,0,Corporate Auto,Four-Door Car,259
RD62882,AZ,F,Bachelor,684615,0,95,0,Personal Auto,Two-Door Car,456
JS42382,OR,M,Master,617291,99960,76,0,Corporate Auto,Four-Door Car,365
BT30554,AZ,F,Bachelor,1034632,0,98,0,Personal Auto,Four-Door Car,470
VP57424,NV,F,Bachelor,699701,55873,88,0,Personal Auto,Four-Door Car,299
VU19243,AZ,F,High School or Below,419626,18052,111,0,Personal Auto,Four-Door Car,699
TA82973,OR,F,High School or Below,785811,28937,104,2,Personal Auto,SUV,118
GK71720,OR,F,High School or Below,606434,0,86,0,Personal Auto,Four-Door Car,545
OQ61223,CA,M,College,1749752,0,73,0,Personal Auto,Two-Door Car,350
LL62746,OR,M,Doctor,897065,12829,118,0,Personal Auto,SUV,328
JQ56711,OR,F,Master,592312,92163,73,0,Personal Auto,Two-Door Car,67
AW77988,OR,M,High School or Below,3585060,17588,192,0,Personal Auto,Luxury,1382
QP84605,WA,F,Bachelor,870985,41546,111,0,Corporate Auto,Four-Door Car,121
MY97912,AZ,M,College,1330934,0,127,0,Personal Auto,SUV,610
IB87349,CA,M,High School or Below,452850,70340,113,0,Special Auto,Four-Door Car,542
AW73065,OR,F,High School or Below,279191,0,74,0,Personal Auto,Four-Door Car,533
BW80872,WA,M,High School or Below,443441,34549,111,0,Personal Auto,Four-Door Car,126
PX70175,AZ,M,College,799601,93459,99,0,Personal Auto,Four-Door Car,655
KF75098,AZ,M,Bachelor,512974,86148,65,2,Personal Auto,Four-Door Car,312
IS50283,CA,F,Bachelor,569718,27048,72,0,Corporate Auto,Four-Door Car,346
MY64920,OR,F,College,921713,73259,115,0,Personal Auto,SUV,673
KN34250,OR,F,College,1020893,35482,129,0,Corporate Auto,SUV,619
GN46207,OR,F,Master,417069,29462,107,1,Personal Auto,SUV,514
KL57176,OR,F,College,450541,67801,115,1,Personal Auto,SUV,24
MN94234,CA,M,High School or Below,310757,0,94,4,Personal Auto,Two-Door Car,451
JY90595,AZ,M,High School or Below,552866,16042,73,0,Personal Auto,Two-Door Car,350
HK26543,CA,M,High School or Below,504587,28056,64,1,Personal Auto,Four-Door Car,307
PN86062,CA,M,High School or Below,296272,16495,85,3,Corporate Auto,Four-Door Car,408
VW27730,CA,F,Master,866596,41163,108,0,Corporate Auto,SUV,232
SH55671,AZ,F,College,1141344,0,161,1,Personal Auto,Luxury,773
MO56878,CA,M,Bachelor,1548843,33799,109,3,Corporate Auto,SUV,665
VO38365,WA,F,College,886115,90125,110,0,Corporate Auto,SUV,129
SV35618,OR,F,Bachelor,593474,87747,147,1,Personal Auto,SUV,46
RX12347,NV,M,College,354323,35695,90,0,Personal Auto,Four-Door Car,432
FR55658,CA,M,Master,349003,90985,87,0,Personal Auto,Four-Door Car,78
XS12556,CA,F,College,368310,0,101,0,Corporate Auto,Luxury,564
ZU73588,CA,M,College,598977,66839,154,0,Personal Auto,Luxury,739
WT43034,CA,F,High School or Below,1250084,0,165,0,Personal Auto,SUV,792
VM13430,OR,F,Bachelor,860916,79090,107,0,Corporate Auto,SUV,289
TC78849,OR,M,Bachelor,249746,24825,64,0,Personal Auto,Two-Door Car,156
VC34764,CA,M,College,701918,26806,63,0,Personal Auto,Four-Door Car,302
WO90953,OR,F,College,538793,56835,67,0,Personal Auto,Two-Door Car,327
IU47468,OR,F,Bachelor,616556,0,88,0,Special Auto,Two-Door Car,654
KO46064,CA,M,Bachelor,273020,46135,69,0,Personal Auto,Four-Door Car,104
RB34917,AZ,F,Bachelor,516212,0,73,0,Personal Auto,Four-Door Car,810
BI38192,OR,F,High School or Below,793706,22862,67,0,Personal Auto,Two-Door Car,322
PU18983,OR,F,High School or Below,860816,21450,110,2,Personal Auto,Luxury,528
SW79912,OR,M,Bachelor,263255,95854,65,0,Personal Auto,Two-Door Car,312
ES39217,OR,F,Bachelor,778500,44897,99,1,Personal Auto,Four-Door Car,581
KP72427,WA,M,High School or Below,2163984,64455,108,0,Personal Auto,SUV,134
UA19178,OR,F,Master,498082,53265,62,0,Personal Auto,Four-Door Car,238
PR53785,AZ,F,High School or Below,745724,0,198,1,Personal Auto,Luxury,1578
XF57481,WA,M,Master,1064094,50450,90,0,Personal Auto,Two-Door Car,136
CN90378,CA,F,High School or Below,686251,54780,88,3,Personal Auto,Four-Door Car,135
KI56154,NV,M,High School or Below,904898,0,119,0,Personal Auto,Luxury,571
UI55951,CA,M,Bachelor,554803,67798,69,0,Personal Auto,Four-Door Car,331
FF28650,OR,M,Bachelor,831268,21442,118,0,Personal Auto,SUV,566
FS55302,CA,M,Bachelor,238998,27615,62,1,Personal Auto,Four-Door Car,298
TN79487,CA,M,Bachelor,445811,17622,65,1,Personal Auto,Four-Door Car,312
HG32616,NV,M,High School or Below,529574,50200,135,0,Personal Auto,Luxury,637
UK41984,AZ,F,Doctor,383961,0,112,2,Personal Auto,SUV,538
LZ52266,CA,F,High School or Below,373150,0,96,0,Personal Auto,Four-Door Car,461
PM27367,CA,F,Master,277890,73570,70,1,Special Auto,Two-Door Car,76
ZK21724,OR,F,High School or Below,401654,0,111,0,Personal Auto,SUV,799
BH35482,WA,M,Doctor,493095,70412,61,0,Corporate Auto,Two-Door Car,136
QE22757,NV,M,Doctor,249132,36631,62,0,Personal Auto,Four-Door Car,68
ON77649,OR,F,College,290888,35895,73,0,Personal Auto,Four-Door Car,313
RN82884,AZ,F,College,428295,40864,109,1,Personal Auto,SUV,167
CQ75652,OR,M,College,834162,0,118,0,Personal Auto,Four-Door Car,566
FF58467,AZ,F,Master,509078,93018,63,0,Personal Auto,Four-Door Car,135
BS83666,OR,M,Bachelor,736619,70014,62,0,Corporate Auto,Four-Door Car,18
WO29605,OR,F,College,243688,48875,61,0,Personal Auto,Two-Door Car,2
TL77607,CA,M,Bachelor,885269,67969,74,0,Personal Auto,Four-Door Car,198
EZ50606,OR,F,High School or Below,2387548,0,108,0,Corporate Auto,SUV,612
OS39723,OR,F,Doctor,560050,68665,69,0,Personal Auto,Two-Door Car,331
FN69743,CA,M,College,463655,26802,66,1,Corporate Auto,Two-Door Car,317
XW96958,NV,M,High School or Below,757335,0,110,0,Corporate Auto,Four-Door Car,1193
TU92578,CA,M,College,1469664,45345,125,0,Personal Auto,SUV,600
TL43709,WA,M,Bachelor,897214,89689,74,0,Personal Auto,Four-Door Car,137
YE68736,CA,F,Bachelor,772484,32051,193,1,Personal Auto,SUV,926
OB96537,OR,M,Master,594667,81139,74,0,Special Auto,Four-Door Car,393
EU68825,OR,F,Master,800055,63834,100,1,Personal Auto,Luxury,215
CC31456,AZ,M,Bachelor,645756,37548,81,0,Special Auto,Four-Door Car,161
DJ77787,AZ,F,High School or Below,728144,0,69,3,Personal Auto,Four-Door Car,372
LN26837,CA,M,High School or Below,259244,72421,65,0,Personal Auto,Four-Door Car,312
YI92916,NV,M,Master,467842,83102,116,0,Corporate Auto,Four-Door Car,444
NW54906,OR,M,College,1386993,28432,118,0,Personal Auto,SUV,612
ME77513,NV,F,Master,871778,83707,108,0,Corporate Auto,Four-Door Car,290
UK76891,CA,F,College,523399,63259,65,0,Corporate Auto,Four-Door Car,317
SI26888,NV,F,High School or Below,476419,0,67,0,Personal Auto,Four-Door Car,406
YD74948,OR,F,College,247247,63860,62,0,Personal Auto,Four-Door Car,209
HB64268,WA,M,Bachelor,281369,43836,73,0,Personal Auto,Four-Door Car,138
BW52697,CA,F,College,550506,86132,68,0,Personal Auto,Two-Door Car,301
NL41409,OR,F,Bachelor,260621,28519,66,0,Personal Auto,Two-Door Car,456
OD69005,AZ,F,High School or Below,1048194,39102,88,0,Personal Auto,Four-Door Car,152
ZZ91716,CA,F,Bachelor,325677,0,89,0,Personal Auto,Four-Door Car,492
UK70255,CA,F,College,3047578,97298,128,0,Personal Auto,Luxury,49
QT25383,NV,M,High School or Below,636490,41986,84,2,Personal Auto,Two-Door Car,430
AW18068,AZ,M,High School or Below,946851,0,88,0,Personal Auto,Two-Door Car,634
NS45347,OR,F,College,563145,17291,73,0,Personal Auto,Four-Door Car,350
FV19421,CA,M,Bachelor,778100,0,74,0,Personal Auto,Four-Door Car,246
XW89091,CA,M,College,981653,37256,62,0,Personal Auto,Four-Door Car,129
YC11951,OR,M,High School or Below,751913,96306,95,1,Corporate Auto,Four-Door Car,185
UY18770,CA,F,Bachelor,1017972,14290,271,0,Personal Auto,Luxury,1301
RA49085,CA,F,College,277284,37038,71,1,Corporate Auto,Four-Door Car,9
BG84194,OR,M,College,403750,90760,103,2,Special Auto,SUV,133
PT64580,WA,M,Master,419197,77048,103,0,Personal Auto,SUV,141
MR67738,OR,F,High School or Below,267687,54480,67,0,Personal Auto,Four-Door Car,322
DM95829,CA,M,College,252396,16244,68,0,Personal Auto,Two-Door Car,623
DB75522,CA,F,College,698840,22436,89,0,Special Auto,Four-Door Car,427
LM34525,WA,F,College,874206,71592,72,0,Personal Auto,Four-Door Car,142
WW30771,AZ,M,Master,267332,28728,67,0,Personal Auto,Four-Door Car,322
QP65569,AZ,M,High School or Below,1215733,57449,103,0,Personal Auto,Four-Door Car,494
TN50051,CA,F,Doctor,295776,83318,73,0,Personal Auto,Two-Door Car,211
UO86707,WA,M,Bachelor,717391,75217,61,1,Personal Auto,Four-Door Car,147
JA41698,NV,M,Bachelor,309954,0,102,5,Corporate Auto,SUV,863
NX18774,OR,M,Bachelor,841568,55308,107,0,Corporate Auto,SUV,514
DA69469,OR,F,College,2684312,36068,97,0,Personal Auto,Two-Door Car,113
CN23147,OR,M,Bachelor,1305717,48804,112,1,Corporate Auto,Four-Door Car,538
RA68844,OR,M,College,959995,0,131,0,Personal Auto,SUV,943
GH42026,OR,M,Bachelor,853511,55790,111,0,Personal Auto,SUV,118
BD16530,AZ,F,Bachelor,829348,70258,69,0,Personal Auto,Four-Door Car,225
JH91579,OR,F,Bachelor,684615,0,95,0,Personal Auto,Two-Door Car,456
WK23685,OR,F,Bachelor,663686,47274,83,1,Corporate Auto,Four-Door Car,182
GR62267,WA,F,College,560908,44705,71,0,Personal Auto,Two-Door Car,148
PI78084,AZ,M,High School or Below,507732,0,73,0,Personal Auto,Two-Door Car,526
GF97874,WA,F,Master,527563,70446,65,0,Personal Auto,Four-Door Car,156
ZH19885,WA,F,High School or Below,251459,43860,65,0,Personal Auto,Four-Door Car,156
UK25655,OR,F,Bachelor,343525,64348,86,0,Personal Auto,Two-Door Car,212
QR45101,OR,M,Bachelor,662461,0,62,0,Corporate Auto,Two-Door Car,298
EL93539,CA,M,Master,575744,88997,72,0,Special Auto,Four-Door Car,174
EE99484,WA,F,High School or Below,251459,43860,65,0,Corporate Auto,Four-Door Car,156
DP46882,CA,F,High School or Below,288645,10312,78,0,Corporate Auto,Four-Door Car,486
WP41146,CA,F,High School or Below,534144,0,72,1,Personal Auto,Four-Door Car,346
TK60799,AZ,F,High School or Below,416002,96263,103,0,Personal Auto,SUV,2
DN29808,CA,F,College,284625,28919,72,0,Corporate Auto,Four-Door Car,518
SS59521,OR,F,College,477026,0,68,1,Personal Auto,Two-Door Car,326
NG66579,OR,M,Bachelor,505962,41869,64,0,Personal Auto,Two-Door Car,262
TC14209,AZ,F,High School or Below,909574,0,128,0,Personal Auto,SUV,922
ED50963,CA,F,High School or Below,268886,32808,68,1,Personal Auto,Four-Door Car,542
GP40701,CA,F,Bachelor,827764,79780,68,0,Personal Auto,Four-Door Car,326
CP98451,OR,F,College,905794,91025,112,0,Personal Auto,SUV,328
NX52648,CA,F,High School or Below,380175,33043,95,0,Personal Auto,Two-Door Car,456
ZC32510,AZ,M,High School or Below,933934,69442,118,3,Personal Auto,Four-Door Car,1266
NG27780,OR,M,College,252012,0,70,0,Corporate Auto,Four-Door Car,63
HN95240,AZ,F,College,498410,0,70,0,Corporate Auto,Four-Door Car,336
EB59129,OR,F,Bachelor,259575,47234,65,0,Personal Auto,Four-Door Car,16
RA70851,OR,M,High School or Below,743769,86863,92,0,Personal Auto,Four-Door Car,442
PM19162,OR,M,Bachelor,1453679,25805,66,2,Personal Auto,Four-Door Car,376
MS59005,NV,M,Bachelor,591331,43676,76,0,Personal Auto,Four-Door Car,365
SU71163,AZ,M,College,277166,59855,74,4,Personal Auto,Two-Door Car,355
BD35676,AZ,M,Master,2919437,35296,126,0,Personal Auto,SUV,453
NI44621,OR,F,Master,988039,36576,125,1,Personal Auto,SUV,113
EW33419,CA,F,High School or Below,1511440,28513,100,1,Corporate Auto,SUV,480
HX44948,OR,M,Bachelor,575991,85448,72,0,Special Auto,Four-Door Car,16
DL36983,OR,F,High School or Below,849516,23791,110,3,Personal Auto,Two-Door Car,615
XR87264,CA,F,Bachelor,438118,20597,112,0,Personal Auto,Four-Door Car,615
NN99001,AZ,F,College,699783,56940,87,0,Personal Auto,Four-Door Car,513
XV95530,OR,M,Bachelor,1143059,93210,71,0,Personal Auto,Two-Door Car,75
OL97871,OR,F,Bachelor,748249,48992,94,1,Personal Auto,Four-Door Car,426
HQ23708,AZ,F,Master,859692,53736,71,0,Personal Auto,Two-Door Car,169
WR63188,AZ,M,College,785496,25378,66,1,Personal Auto,Four-Door Car,419
NG82219,OR,F,Bachelor,258241,76731,64,0,Personal Auto,Four-Door Car,201
KU29408,WA,M,Master,907577,37722,116,0,Corporate Auto,Luxury,158
RE46783,CA,F,Bachelor,411859,69379,103,0,Personal Auto,Two-Door Car,494
RU94434,OR,M,High School or Below,1215733,57449,103,0,Personal Auto,Four-Door Car,494
GI82355,AZ,M,Bachelor,515282,0,68,0,Corporate Auto,Four-Door Car,326
VO26340,NV,M,College,651298,0,93,0,Personal Auto,Two-Door Car,670
NV61299,AZ,F,Bachelor,2778969,33806,89,0,Corporate Auto,Four-Door Car,396
DX31066,WA,F,College,266727,94041,66,0,Personal Auto,Four-Door Car,160
CY50337,OR,F,College,1092841,74965,90,0,Personal Auto,Four-Door Car,59
TJ20375,AZ,F,High School or Below,761538,34095,63,0,Personal Auto,Two-Door Car,302
EP72155,CA,F,College,200435,0,66,4,Personal Auto,Four-Door Car,317
JJ76159,CA,M,College,243468,96045,61,0,Corporate Auto,Four-Door Car,9
BG15419,NV,F,Bachelor,1419536,86355,118,0,Personal Auto,Luxury,285
AO74776,CA,F,High School or Below,942768,27824,118,0,Personal Auto,SUV,566
HQ82233,CA,M,High School or Below,1198242,42995,101,0,Personal Auto,SUV,411
OL72737,OR,F,High School or Below,310279,21235,79,0,Personal Auto,Two-Door Car,244
ZQ59828,CA,M,High School or Below,422263,74585,106,0,Personal Auto,SUV,219
NZ15548,OR,M,Bachelor,402381,41833,103,0,Personal Auto,Four-Door Car,644
XK61304,CA,F,College,529715,23908,70,0,Personal Auto,Four-Door Car,336
EJ44139,OR,M,Bachelor,2142364,0,65,0,Personal Auto,Two-Door Car,312
CM94425,AZ,M,Bachelor,441621,61953,113,0,Personal Auto,SUV,497
OV54878,CA,M,Bachelor,463904,0,142,0,Corporate Auto,SUV,1022
JF57282,NV,M,Bachelor,486354,0,137,0,Personal Auto,SUV,658
MY37953,AZ,F,Bachelor,2583091,73760,107,1,Personal Auto,Luxury,230
XP64922,OR,F,College,297431,23333,74,0,Corporate Auto,Four-Door Car,6
WL65572,CA,M,College,206446,0,61,0,Personal Auto,Four-Door Car,293
LN50325,AZ,F,High School or Below,1006461,20440,128,2,Corporate Auto,Luxury,614
HJ15383,WA,M,Master,803240,27658,68,0,Personal Auto,Four-Door Car,160
KH59823,CA,M,College,548921,50943,139,0,Special Auto,SUV,667
YM79169,CA,M,Bachelor,261276,19003,71,0,Personal Auto,Two-Door Car,35
DR38127,CA,M,College,857346,46703,108,0,Personal Auto,Four-Door Car,678
PU42145,CA,M,Bachelor,2412750,14072,71,0,Personal Auto,Four-Door Car,511
KM33477,OR,M,College,855039,21733,73,0,Corporate Auto,Four-Door Car,526
RI53167,AZ,M,Bachelor,230865,20811,61,0,Personal Auto,Four-Door Car,293
OF77789,AZ,F,High School or Below,425462,11904,61,2,Personal Auto,Two-Door Car,293
YB33445,OR,F,College,898285,43490,114,4,Corporate Auto,SUV,175
BA17836,CA,M,High School or Below,786817,57340,67,0,Corporate Auto,Four-Door Car,159
JS43228,CA,M,College,770425,49088,97,0,Corporate Auto,Four-Door Car,698
BB11622,NV,M,Master,1055217,47761,131,0,Personal Auto,SUV,233
HQ70429,WA,F,College,1604511,0,65,0,Personal Auto,Two-Door Car,163
WK88044,AZ,M,Bachelor,873784,61281,110,0,Personal Auto,SUV,80
LA80525,NV,M,Bachelor,545489,0,82,1,Corporate Auto,Two-Door Car,394
EH16250,AZ,M,Bachelor,770528,25290,66,0,Personal Auto,Four-Door Car,382
PU41872,AZ,F,High School or Below,703926,24239,88,0,Personal Auto,Four-Door Car,48
HB85743,CA,M,Bachelor,883809,82664,114,3,Personal Auto,SUV,133
MM71959,AZ,M,Bachelor,873353,83210,110,0,Personal Auto,Luxury,528
MB83663,OR,F,Bachelor,959747,38736,81,0,Personal Auto,Two-Door Car,561
KR43119,CA,M,College,450666,0,66,0,Personal Auto,Four-Door Car,317
KH24214,OR,M,College,1785797,55437,64,1,Personal Auto,Four-Door Car,445
AC40767,WA,M,Bachelor,249781,68041,6464,0,Personal Auto,Two-Door Car,166
HP55391,OR,M,Master,542614,0,71,0,Corporate Auto,Four-Door Car,408
EG62398,CA,F,High School or Below,799814,29066,100,0,Personal Auto,SUV,844
VS19949,NV,M,Bachelor,289762,54337,72,0,Personal Auto,Four-Door Car,346
AM92343,OR,F,High School or Below,1159950,67616,96,0,Personal Auto,Four-Door Car,340
GI68556,CA,F,Bachelor,1514793,41082,63,0,Personal Auto,Two-Door Car,107
JT11876,WA,F,High School or Below,543577,0,10202,0,Personal Auto,Four-Door Car,626
XR64251,NV,F,Master,272536,36650,69,1,Personal Auto,Four-Door Car,57
MK34957,OR,F,College,1329771,50631,112,4,Special Auto,SUV,785
GP18756,CA,M,College,992705,19592,92,0,Personal Auto,Four-Door Car,442
AP23850,WA,F,High School or Below,1777155,0,114,0,Personal Auto,Two-Door Car,547
KQ65521,AZ,F,College,1826927,55761,115,0,Personal Auto,Luxury,86
EJ19449,CA,F,College,272221,17576,71,0,Special Auto,Four-Door Car,399
QB70027,CA,F,Bachelor,708321,41449,89,0,Personal Auto,Four-Door Car,64
QW47320,CA,F,Bachelor,1017972,14290,271,0,Personal Auto,Luxury,1301
KH64733,NV,F,College,588951,62007,73,0,Personal Auto,Four-Door Car,120
ON59472,AZ,M,High School or Below,1577139,21921,206,0,Corporate Auto,Luxury,1254
HP94242,AZ,F,Bachelor,528817,42621,66,0,Personal Auto,Four-Door Car,317
RV15398,OR,M,College,2758055,0,87,1,Personal Auto,Four-Door Car,418
EA25683,WA,M,High School or Below,777853,63786,196,0,Corporate Auto,Luxury,798
PW73754,CA,F,High School or Below,734186,0,104,3,Personal Auto,Luxury,82
MC71942,CA,F,High School or Below,791920,82877,99,1,Personal Auto,Two-Door Car,23
OX72195,AZ,M,College,216387,0,63,0,Corporate Auto,Two-Door Car,302
YQ99152,NV,M,High School or Below,978781,10475,88,1,Personal Auto,Two-Door Car,422
KI19439,OR,F,High School or Below,520764,21952,66,0,Personal Auto,Four-Door Car,317
PM76175,OR,F,Bachelor,2114728,49721,132,0,Corporate Auto,Luxury,640
US45383,CA,M,College,1228077,88340,102,0,Personal Auto,Two-Door Car,490
GT38956,CA,F,College,244139,0,65,0,Personal Auto,Four-Door Car,312
SN41301,OR,M,Bachelor,653556,0,65,0,Corporate Auto,Four-Door Car,468
BE62503,WA,F,College,920660,24589,82,0,Personal Auto,Two-Door Car,511
PA16884,CA,F,Bachelor,411859,69379,103,0,Personal Auto,Two-Door Car,494
NC58480,NV,F,Bachelor,483821,73769,61,2,Personal Auto,Four-Door Car,240
NS39326,CA,F,College,462555,66670,114,0,Personal Auto,SUV,518
PN18507,AZ,M,Bachelor,1404210,88854,118,0,Personal Auto,Two-Door Car,715
EK91340,OR,M,Bachelor,754661,31266,193,0,Corporate Auto,Luxury,926
JY16280,CA,F,High School or Below,251459,43860,65,0,Personal Auto,Four-Door Car,156
ZW71731,CA,M,Bachelor,517036,89284,133,2,Corporate Auto,SUV,402
ZC24631,OR,M,College,1391738,67267,89,0,Corporate Auto,Four-Door Car,95
YR34689,CA,F,High School or Below,1131813,79270,95,3,Personal Auto,Four-Door Car,456
RT65829,OR,M,Bachelor,427636,36692,109,1,Personal Auto,Four-Door Car,523
BZ12077,OR,F,High School or Below,432224,0,119,0,Personal Auto,SUV,571
WM65373,CA,F,College,800231,0,107,0,Corporate Auto,SUV,514
NH35059,NV,M,College,388546,0,105,0,Corporate Auto,Four-Door Car,504
QD38160,OR,M,College,447178,0,135,0,Personal Auto,SUV,972
BM15160,CA,F,High School or Below,849635,44624,71,1,Special Auto,Four-Door Car,74
VY79030,AZ,F,College,2250088,0,71,0,Corporate Auto,Four-Door Car,341
EV19512,NV,F,Master,1630197,19614,85,0,Personal Auto,Two-Door Car,574
TE13577,OR,F,College,231974,0,64,0,Personal Auto,Four-Door Car,633
WY97929,AZ,M,College,871705,83846,74,3,Special Auto,Four-Door Car,355
YG20683,WA,M,College,286011,51159,72,0,Personal Auto,Four-Door Car,4
FK75497,CA,M,College,245341,83772,62,0,Personal Auto,Two-Door Car,42
NE60110,AZ,M,College,598977,66839,154,0,Personal Auto,Luxury,739
TN36521,AZ,F,College,2498023,88440,70,0,Personal Auto,Two-Door Car,27
HG33568,AZ,F,Master,748264,25666,63,2,Personal Auto,Four-Door Car,270
TW17878,OR,F,High School or Below,245758,52926,61,0,Personal Auto,Four-Door Car,293
ZO83562,NV,F,Bachelor,237974,0,67,0,Personal Auto,Four-Door Car,495
CH97539,WA,F,Bachelor,828696,40001,70,0,Personal Auto,Four-Door Car,143
CV29889,CA,M,College,239392,0,70,0,Personal Auto,Four-Door Car,425
MO33320,OR,M,College,465716,18024,65,0,Personal Auto,Two-Door Car,312
QZ81258,OR,F,College,1319793,0,68,3,Personal Auto,Four-Door Car,326
NY56352,OR,F,Bachelor,280392,23220,74,0,Personal Auto,Four-Door Car,251
EA27048,CA,F,High School or Below,864650,64125,108,0,Personal Auto,SUV,370
UT38865,OR,F,College,742587,58042,62,0,Corporate Auto,Four-Door Car,161
QC89139,OR,F,High School or Below,452874,90034,112,0,Corporate Auto,SUV,538
LA14484,NV,M,High School or Below,222707,27972,61,0,Special Auto,Four-Door Car,293
HN57556,CA,F,High School or Below,729295,0,65,0,Personal Auto,Four-Door Car,312
CV31235,AZ,M,Bachelor,318436,50989,80,0,Corporate Auto,Four-Door Car,256
WR45726,AZ,F,Bachelor,1131520,11885,101,0,Special Auto,Four-Door Car,485
LB25094,CA,F,Bachelor,253071,89451,63,0,Special Auto,Four-Door Car,62
KW56110,OR,M,Bachelor,1836156,0,182,0,Personal Auto,Luxury,1310
XO36233,WA,M,Bachelor,864153,78904,109,0,Personal Auto,SUV,250
ZX86243,AZ,M,Doctor,327853,70247,83,1,Personal Auto,Four-Door Car,142
DW29763,AZ,M,High School or Below,527198,32653,67,0,Personal Auto,Two-Door Car,322
CT83377,WA,M,High School or Below,376364,93595,97,4,Special Auto,Four-Door Car,50
OQ90898,CA,M,Master,1395557,90279,115,0,Personal Auto,SUV,372
GO77248,OR,F,College,500153,0,72,0,Personal Auto,Four-Door Car,542
QW33258,CA,M,Bachelor,708283,53310,189,3,Personal Auto,Luxury,1361
OU79745,CA,M,College,761948,0,105,0,Personal Auto,Four-Door Car,504
VZ79886,OR,F,Bachelor,1255088,22234,160,0,Personal Auto,SUV,768
FI92440,WA,F,High School or Below,3219660,91375,99,0,Personal Auto,Two-Door Car,73
YG85980,NV,F,High School or Below,679377,22250,86,0,Personal Auto,Two-Door Car,721
QM74621,OR,M,Bachelor,527232,0,80,0,Personal Auto,Four-Door Car,576
EI71732,OR,F,Doctor,626534,0,84,1,Personal Auto,Four-Door Car,481
VN79010,CA,F,High School or Below,854759,51179,71,0,Corporate Auto,Four-Door Car,466
FI61723,CA,M,Bachelor,278742,38667,72,0,Personal Auto,Four-Door Car,159
OH55411,CA,F,Master,462680,79487,114,0,Corporate Auto,SUV,547
TF10720,NV,F,Doctor,866336,67763,107,2,Personal Auto,Four-Door Car,41
NW30838,NV,M,High School or Below,387222,0,62,2,Corporate Auto,Four-Door Car,504
CB58476,OR,F,College,517081,0,71,0,Corporate Auto,Four-Door Car,860
WI69346,CA,F,Master,896028,71943,112,0,Corporate Auto,SUV,306
FS76657,OR,F,College,547183,53526,68,0,Personal Auto,Four-Door Car,279
YX89016,OR,M,College,3493100,35005,295,0,Personal Auto,Luxury,1416
PK28821,CA,M,College,262039,24721,67,0,Personal Auto,Four-Door Car,140
MB51200,WA,M,College,1906950,0,102,2,Personal Auto,Four-Door Car,734
XG44587,AZ,M,Master,575744,88997,72,0,Personal Auto,Four-Door Car,174
FG91922,AZ,M,Master,4022401,48587,111,0,Personal Auto,SUV,533
OM99303,AZ,F,High School or Below,270149,76310,67,0,Personal Auto,Two-Door Car,322
RV67546,CA,M,Bachelor,371243,73205,92,0,Personal Auto,Four-Door Car,37
UJ79253,OR,F,College,2185084,51056,78,0,Personal Auto,Four-Door Car,96
PN98247,CA,M,College,784017,58414,210,2,Personal Auto,Luxury,1008
IB67546,CA,F,Bachelor,823704,23940,107,0,Personal Auto,SUV,514
OE19087,CA,F,High School or Below,224347,0,62,0,Personal Auto,Four-Door Car,446
CM95716,CA,M,Bachelor,843446,44216,71,0,Personal Auto,Four-Door Car,72
MW62634,CA,M,High School or Below,222707,27972,61,0,Corporate Auto,Four-Door Car,293
QW67581,AZ,F,High School or Below,517003,0,69,0,Personal Auto,Four-Door Car,331
SN16059,CA,F,Master,264145,29305,66,0,Personal Auto,Four-Door Car,475
OE51254,CA,F,College,279068,53882,69,0,Personal Auto,Four-Door Car,331
RM42344,OR,M,College,274513,91757,69,1,Personal Auto,Four-Door Car,331
GB35238,CA,F,Bachelor,757953,33906,64,0,Personal Auto,Two-Door Car,402
ML82674,OR,M,Bachelor,1097878,68158,139,1,Personal Auto,SUV,253
EI85244,CA,M,College,825506,0,134,3,Personal Auto,SUV,643
DE28132,OR,M,College,474773,42165,123,0,Corporate Auto,SUV,800
TV25678,WA,M,College,354090,0,101,0,Personal Auto,SUV,727
TY26512,CA,M,Doctor,343613,30817,88,0,Personal Auto,Four-Door Car,92
OB69153,CA,M,Bachelor,258219,68074,65,0,Personal Auto,Four-Door Car,28
QZ77637,WA,F,College,1166510,84978,35353,1,Corporate Auto,Four-Door Car,167
XN41715,CA,F,Master,739628,71135,92,1,Personal Auto,Four-Door Car,271
QR15857,CA,F,College,433080,0,61,0,Personal Auto,Two-Door Car,293
FL69363,OR,M,Master,907577,37722,116,0,Personal Auto,Luxury,158
IS30295,AZ,F,Bachelor,1463545,0,139,0,Personal Auto,SUV,667
WA25797,WA,M,High School or Below,856477,95697,107,0,Personal Auto,Luxury,178
NL59519,CA,F,College,1156569,64642,96,0,Personal Auto,Four-Door Car,404
ZU93025,OR,F,College,277104,50071,71,0,Personal Auto,Two-Door Car,19
DK94262,OR,M,High School or Below,850713,46754,106,1,Personal Auto,SUV,514
UQ30615,CA,M,College,758211,64801,64,0,Corporate Auto,Four-Door Car,268
OR40060,AZ,M,Bachelor,332309,70410,83,0,Personal Auto,Four-Door Car,132
DK32872,NV,F,High School or Below,523433,66957,131,1,Personal Auto,SUV,629
FA46418,NV,F,High School or Below,2470960,24213,78,1,Personal Auto,Four-Door Car,374
ER19995,WA,F,College,1778628,99790,6464,0,Personal Auto,Four-Door Car,179
KI75855,OR,M,Master,255123,79751,63,0,Personal Auto,Two-Door Car,392
ND41876,AZ,M,High School or Below,724771,86122,182,1,Personal Auto,Luxury,874
PN21042,AZ,M,Bachelor,453885,82297,116,0,Personal Auto,Luxury,0
GJ43254,WA,M,College,3164210,89057,98,0,Corporate Auto,Two-Door Car,187
AL46984,CA,M,High School or Below,873042,43259,73,0,Personal Auto,Four-Door Car,350
JP58047,OR,M,College,833273,0,79,0,Personal Auto,Four-Door Car,379
ZE85014,CA,M,College,235775,25064,62,0,Personal Auto,Four-Door Car,298
KU88219,AZ,M,Master,463716,25816,119,0,Personal Auto,Luxury,571
UU98729,CA,M,Bachelor,535719,0,73,0,Personal Auto,Four-Door Car,351
WS82822,OR,F,College,539197,41662,69,0,Corporate Auto,Four-Door Car,218
YB49933,AZ,M,Bachelor,369414,96170,92,0,Personal Auto,Four-Door Car,442
XC16387,AZ,F,High School or Below,504041,46072,64,0,Personal Auto,Four-Door Car,26
XJ96748,AZ,F,High School or Below,2749542,37931,99,0,Personal Auto,Four-Door Car,475
TM98684,OR,M,High School or Below,484228,35127,62,0,Personal Auto,Four-Door Car,298
AY18433,WA,F,High School or Below,2738282,45473,76,0,Special Auto,Two-Door Car,189
DM74502,NV,F,College,522710,93087,131,3,Corporate Auto,Luxury,629
FT56968,AZ,M,High School or Below,259010,22398,67,2,Personal Auto,Four-Door Car,322
OX36896,CA,M,High School or Below,1053608,92983,87,1,Corporate Auto,Four-Door Car,153
BZ65376,AZ,M,Bachelor,858128,27689,239,2,Personal Auto,Luxury,2893
LN34660,CA,F,College,946311,69654,118,0,Corporate Auto,SUV,630
JC29295,CA,F,Bachelor,1344101,80744,111,0,Personal Auto,SUV,361
KJ87930,CA,F,Bachelor,388650,0,112,0,Corporate Auto,SUV,1186
XT36360,AZ,F,High School or Below,678489,0,64,1,Personal Auto,Four-Door Car,461
IX35050,AZ,M,Bachelor,2359468,76358,66,0,Special Auto,Four-Door Car,86
UN97379,OR,M,Bachelor,253863,18608,71,0,Corporate Auto,Four-Door Car,341
MR57294,CA,M,High School or Below,563994,73168,70,0,Personal Auto,Four-Door Car,426
UG79499,WA,M,Bachelor,1168137,70930,99,0,Personal Auto,Four-Door Car,190
UA50747,WA,F,High School or Below,2599775,62262,72,0,Corporate Auto,Four-Door Car,194
GL20444,NV,F,Master,1377837,91474,113,0,Corporate Auto,Two-Door Car,24
SP58110,CA,F,Bachelor,492318,61469,63,5,Personal Auto,Four-Door Car,302
XM91635,AZ,F,High School or Below,227234,16618,62,0,Special Auto,Four-Door Car,219
TV82603,CA,F,Bachelor,1489540,48081,188,0,Personal Auto,Luxury,881
BB82067,OR,M,Doctor,975604,67632,121,0,Personal Auto,Luxury,27
JP94676,OR,F,Bachelor,942297,34115,119,0,Personal Auto,SUV,466
VU53417,AZ,M,High School or Below,383736,23051,99,0,Personal Auto,Two-Door Car,475
IW54795,CA,M,College,1095213,23748,99,0,Personal Auto,Four-Door Car,607
RN78170,AZ,F,College,815914,40589,69,0,Corporate Auto,Four-Door Car,331
IX55883,CA,F,College,1948050,50809,83,0,Personal Auto,Four-Door Car,290
XM72420,AZ,F,High School or Below,391937,66676,97,0,Personal Auto,Four-Door Car,558
GC15104,NV,F,Bachelor,798514,52339,70,3,Corporate Auto,Four-Door Car,336
RX13282,OR,M,Bachelor,1216874,14973,115,0,Personal Auto,SUV,828
QA85890,AZ,F,High School or Below,584932,0,83,0,Corporate Auto,Four-Door Car,541
IR62668,AZ,F,Bachelor,508584,31546,65,0,Personal Auto,Four-Door Car,100
AL96740,CA,F,College,290394,67763,73,1,Personal Auto,Four-Door Car,60
SS48498,WA,F,College,627317,20836,79,0,Corporate Auto,Four-Door Car,194
PE39479,WA,M,College,1832142,88592,76,0,Corporate Auto,Four-Door Car,200
JH62891,OR,F,College,517870,66943,65,1,Special Auto,Four-Door Car,53
FI20423,AZ,F,High School or Below,1402436,81872,115,0,Special Auto,Four-Door Car,256
PM13394,WA,F,College,530944,22404,70,1,Personal Auto,Four-Door Car,211
YV67971,CA,F,High School or Below,494980,21342,62,0,Personal Auto,Four-Door Car,74
QD31377,CA,M,Bachelor,859567,34621,108,1,Corporate Auto,SUV,621
YG10247,OR,M,College,2295189,62396,64,0,Personal Auto,Four-Door Car,307
FE73696,OR,M,High School or Below,379213,97212,93,0,Personal Auto,Two-Door Car,360
SW19699,AZ,F,Bachelor,275575,49648,70,0,Personal Auto,Four-Door Car,66
QJ40732,AZ,M,College,488034,97984,61,1,Personal Auto,Four-Door Car,407
HM76207,CA,F,College,905191,26308,114,0,Corporate Auto,SUV,547
NT59303,OR,F,College,1011545,63528,256,0,Personal Auto,Luxury,1229
PU41393,NV,M,College,826908,20225,114,1,Special Auto,SUV,547
QO86948,NV,M,High School or Below,807165,0,112,0,Personal Auto,SUV,806
QN10888,OR,F,High School or Below,772699,87620,64,0,Personal Auto,Four-Door Car,24
VY19543,CA,F,Bachelor,831114,0,72,0,Corporate Auto,Four-Door Car,311
XC15133,NV,F,Master,257402,34990,65,0,Personal Auto,Four-Door Car,43
ST43550,OR,M,Bachelor,572733,99934,71,0,Special Auto,Four-Door Car,460
FX36546,WA,M,Master,367914,60804,92,0,Personal Auto,Four-Door Car,213
JX68983,OR,M,Bachelor,274452,94648,69,0,Personal Auto,Four-Door Car,331
HX78576,CA,F,High School or Below,563674,24516,71,0,Personal Auto,Four-Door Car,301
ZQ11381,AZ,M,Bachelor,1687039,61063,85,0,Personal Auto,Four-Door Car,263
ON39271,CA,M,Master,273800,0,74,0,Personal Auto,Two-Door Car,263
SB18278,OR,M,Bachelor,464470,0,64,0,Corporate Auto,Four-Door Car,307
ZT30559,CA,F,High School or Below,474669,15169,63,0,Personal Auto,Four-Door Car,302
XI41106,AZ,M,College,1687433,55390,71,0,Corporate Auto,Two-Door Car,256
ZS88847,OR,F,Bachelor,238761,27592,62,0,Personal Auto,Four-Door Car,298
RU49126,WA,F,College,446534,61846,112,0,Personal Auto,SUV,216
KR62797,AZ,F,High School or Below,459163,83297,113,0,Personal Auto,SUV,542
ZJ73220,AZ,F,College,1309259,0,188,0,Special Auto,Luxury,1354
FY62633,OR,M,Bachelor,911227,0,90,0,Personal Auto,Four-Door Car,432
CU36986,CA,F,High School or Below,416517,55897,104,0,Personal Auto,Four-Door Car,499
WZ53904,AZ,M,Bachelor,265998,21297,71,0,Personal Auto,Four-Door Car,46
AA71604,AZ,F,Master,1198659,87560,98,1,Personal Auto,Two-Door Car,470
TD10493,OR,F,High School or Below,289873,0,96,4,Personal Auto,Four-Door Car,691
LY97989,OR,F,Bachelor,289424,0,85,0,Personal Auto,Four-Door Car,408
VX39856,AZ,F,Doctor,350045,89398,86,0,Personal Auto,Four-Door Car,82
TP51897,CA,F,College,262181,36843,68,3,Corporate Auto,Four-Door Car,358
QQ89253,OR,F,College,1022180,0,134,0,Personal Auto,SUV,643
EI91403,CA,M,High School or Below,257827,34946,65,0,Personal Auto,Two-Door Car,420
QG15435,AZ,F,College,624260,75680,78,0,Personal Auto,Four-Door Car,137
FZ55002,NV,F,Doctor,522028,0,69,0,Personal Auto,Four-Door Car,331
HX77930,WA,F,College,313643,49532,79,1,Personal Auto,Four-Door Car,220
UN37063,AZ,M,Bachelor,452537,10269,65,0,Personal Auto,Two-Door Car,171
VB87946,CA,M,College,497036,49714,63,3,Personal Auto,Four-Door Car,266
AB60627,CA,M,High School or Below,1546779,77517,129,0,Corporate Auto,SUV,99
TA34903,OR,M,High School or Below,583890,81082,73,0,Personal Auto,Four-Door Car,281
AQ51368,OR,F,Bachelor,1065688,72540,88,0,Corporate Auto,Two-Door Car,632
NZ26102,OR,F,High School or Below,228962,0,65,0,Personal Auto,Four-Door Car,468
GB45753,CA,M,High School or Below,543980,61546,68,0,Corporate Auto,Two-Door Car,29
BV79904,CA,F,Master,795615,44818,67,1,Personal Auto,Two-Door Car,137
OB49075,AZ,M,Bachelor,445811,17622,65,1,Personal Auto,Four-Door Car,312
DS97676,OR,F,College,255505,0,72,0,Personal Auto,Four-Door Car,518
JO63462,CA,M,Bachelor,330800,79797,84,0,Corporate Auto,Two-Door Car,32
NJ10602,WA,F,College,845905,92717,70,0,Personal Auto,Two-Door Car,224
RS24501,OR,F,College,1335012,28919,173,0,Personal Auto,SUV,830
VT78274,AZ,M,College,493122,0,68,0,Personal Auto,Four-Door Car,480
SU56153,NV,M,Bachelor,777684,63568,65,0,Corporate Auto,Two-Door Car,391
MN20737,NV,F,College,255367,73935,64,1,Corporate Auto,Four-Door Car,72
KL43114,AZ,F,High School or Below,487647,0,66,0,Corporate Auto,Two-Door Car,317
YQ15567,OR,F,Bachelor,903431,18846,115,0,Personal Auto,SUV,552
TR88637,AZ,F,High School or Below,810591,38893,103,0,Personal Auto,SUV,42
TC88986,OR,M,High School or Below,561969,0,153,0,Special Auto,SUV,1027
XX88577,CA,M,Bachelor,1572713,84824,196,0,Corporate Auto,SUV,320
NE49052,CA,F,High School or Below,661802,20068,86,0,Corporate Auto,Four-Door Car,411
KX17826,OR,M,Doctor,467005,0,125,0,Corporate Auto,SUV,600
CC91503,AZ,F,High School or Below,1016937,0,135,0,Personal Auto,Luxury,648
WH32183,CA,M,Bachelor,832307,97245,70,0,Personal Auto,Four-Door Car,4
ES90681,CA,F,College,241776,51808,61,1,Personal Auto,Four-Door Car,351
DW96592,CA,M,Bachelor,804487,71391,67,0,Personal Auto,Four-Door Car,284
MT23134,OR,M,High School or Below,532572,0,73,0,Personal Auto,Two-Door Car,496
BM69081,AZ,M,Bachelor,694752,0,100,0,Personal Auto,SUV,925
MB90871,OR,F,College,584742,23496,77,0,Special Auto,Four-Door Car,13
GT62080,WA,M,High School or Below,588174,55561,63,0,Personal Auto,Four-Door Car,228
QL77686,NV,F,College,472479,23986,119,0,Corporate Auto,SUV,463
ON77827,AZ,F,Master,279023,22974,71,0,Personal Auto,Four-Door Car,181
KP18988,OR,F,High School or Below,2153133,0,101,0,Personal Auto,Four-Door Car,485
TI92884,AZ,M,Bachelor,1262283,61844,106,0,Personal Auto,Luxury,509
JH73503,AZ,M,Doctor,2017196,24804,73,0,Personal Auto,Two-Door Car,350
YE97964,CA,F,Bachelor,1646437,27760,104,0,Personal Auto,SUV,303
VA30351,OR,F,High School or Below,559539,74454,71,0,Personal Auto,Four-Door Car,341
PV55726,OR,F,Master,417069,29462,107,1,Personal Auto,SUV,514
UC88305,AZ,F,College,266545,52266,68,0,Corporate Auto,Two-Door Car,142
TS53809,OR,M,Bachelor,709891,0,70,0,Personal Auto,Two-Door Car,350
ZV32120,CA,M,Doctor,397135,23599,103,0,Corporate Auto,SUV,494
FB80807,OR,M,Bachelor,552821,36088,72,0,Personal Auto,Four-Door Car,346
AS55677,CA,F,High School or Below,833900,70534,104,0,Personal Auto,Four-Door Car,54
WA15684,OR,M,College,3844586,27398,125,1,Personal Auto,SUV,600
SA50567,NV,M,Bachelor,544856,85296,68,0,Personal Auto,Four-Door Car,343
KJ31611,AZ,M,High School or Below,1080807,31063,92,0,Personal Auto,Four-Door Car,442
VL37375,CA,M,Bachelor,618510,0,92,0,Personal Auto,Two-Door Car,1027
KN21017,NV,M,High School or Below,320823,52367,81,0,Personal Auto,Four-Door Car,276
PX44289,AZ,M,College,548010,58651,71,0,Personal Auto,Four-Door Car,473
AM97901,NV,F,College,2298615,84831,192,0,Special Auto,Luxury,1337
RE42925,OR,M,Bachelor,1310793,49088,114,1,Corporate Auto,SUV,547
TR81766,CA,F,College,746293,70263,93,0,Corporate Auto,Two-Door Car,7
CH85057,OR,F,Doctor,1146399,45354,285,0,Personal Auto,Luxury,540
UP71482,AZ,M,High School or Below,723613,0,63,0,Personal Auto,Four-Door Car,383
EG40670,CA,F,Bachelor,623269,28334,83,0,Special Auto,Four-Door Car,538
HV83672,OR,F,Bachelor,2839333,38772,90,0,Personal Auto,Four-Door Car,322
MG10140,OR,F,College,374675,41479,94,1,Personal Auto,Two-Door Car,20
TC44716,CA,M,Bachelor,2156934,23909,119,0,Personal Auto,SUV,571
QO65264,CA,M,College,501208,48328,63,0,Personal Auto,Two-Door Car,108
EB66698,CA,M,High School or Below,337186,86689,85,0,Corporate Auto,Two-Door Car,408
OT52034,CA,M,Bachelor,386478,24204,99,1,Personal Auto,Four-Door Car,707
CH85444,OR,M,College,414571,25943,110,0,Corporate Auto,Two-Door Car,1067
PU85769,CA,M,High School or Below,515607,0,73,0,Personal Auto,Four-Door Car,808
UI73201,CA,M,College,366738,62375,92,0,Personal Auto,Two-Door Car,619
SL50592,CA,F,High School or Below,783568,0,71,0,Corporate Auto,Four-Door Car,404
XP11075,AZ,M,Bachelor,1456727,0,148,0,Personal Auto,SUV,710
SI31236,OR,M,Bachelor,1017134,70200,65,0,Corporate Auto,Four-Door Car,312
JN26745,NV,F,Bachelor,413578,0,112,0,Special Auto,Four-Door Car,708
VK48036,OR,F,College,551149,79027,70,0,Corporate Auto,Four-Door Car,336
JX76668,WA,F,High School or Below,1131424,62935,141,0,Personal Auto,Luxury,232
DS45802,CA,F,High School or Below,541462,26893,68,0,Personal Auto,Four-Door Car,68
OA96690,OR,F,High School or Below,742159,47406,94,1,Personal Auto,Four-Door Car,287
EM27919,CA,M,Bachelor,445811,17622,65,1,Personal Auto,Four-Door Car,312
QO41043,OR,F,College,1447612,27572,124,0,Corporate Auto,SUV,595
OV50124,OR,F,College,493689,0,72,2,Personal Auto,Two-Door Car,392
PR31642,OR,F,Bachelor,452528,32802,114,0,Personal Auto,SUV,547
BU41599,WA,F,Master,558176,62739,70,0,Personal Auto,Two-Door Car,239
TK30357,CA,F,Bachelor,1413435,90844,118,0,Personal Auto,SUV,233
NF31087,NV,F,High School or Below,2472318,44685,69,0,Personal Auto,Four-Door Car,331
NH16984,CA,F,Bachelor,283807,0,80,0,Personal Auto,Four-Door Car,337
OS75493,CA,F,High School or Below,384848,42589,98,0,Corporate Auto,Four-Door Car,470
VT63298,OR,M,Bachelor,1950447,0,72,0,Personal Auto,Four-Door Car,346
QS75550,WA,F,Bachelor,248005,93383,62,0,Corporate Auto,Two-Door Car,244
SZ16483,AZ,F,High School or Below,436137,79583,109,2,Personal Auto,Four-Door Car,523
VM92311,AZ,F,High School or Below,252908,89129,64,0,Personal Auto,Four-Door Car,329
NJ46849,AZ,M,College,250444,0,69,0,Personal Auto,Four-Door Car,497
WZ31900,OR,F,Bachelor,864970,94389,107,0,Corporate Auto,SUV,85
RG30482,OR,F,College,1366836,0,197,0,Personal Auto,SUV,1418
ZM86949,OR,F,High School or Below,2063508,84106,64,0,Personal Auto,Two-Door Car,334
QQ39596,AZ,F,College,251753,0,69,0,Personal Auto,Four-Door Car,42
FH51383,CA,F,High School or Below,532668,76717,66,0,Personal Auto,Two-Door Car,301
BJ53923,AZ,M,High School or Below,260027,51978,66,0,Corporate Auto,Four-Door Car,145
CZ96653,OR,F,Bachelor,853479,47325,107,0,Personal Auto,SUV,65
FB23788,OR,M,High School or Below,882884,86721,111,0,Corporate Auto,SUV,533
NT43594,NV,F,Bachelor,224845,24910,63,1,Personal Auto,Four-Door Car,348
RJ85627,WA,F,Bachelor,1230276,43817,62,1,Personal Auto,Four-Door Car,245
KJ86296,OR,M,High School or Below,455659,0,73,2,Personal Auto,Four-Door Car,526
PI47776,OR,F,Bachelor,253071,89451,63,0,Corporate Auto,Four-Door Car,62
MD73554,CA,M,College,525198,59537,66,0,Personal Auto,Two-Door Car,317
UX92071,OR,M,High School or Below,674312,0,199,0,Personal Auto,Luxury,955
YG44474,OR,M,College,1401472,54193,117,0,Corporate Auto,SUV,721
UH45301,OR,M,College,943892,86946,118,0,Personal Auto,Four-Door Car,341
RY92647,CA,F,Bachelor,1050677,0,92,0,Personal Auto,Four-Door Car,547
IK12620,AZ,F,High School or Below,421392,12160,109,0,Personal Auto,Four-Door Car,489
GQ66762,CA,M,College,477369,33701,63,0,Personal Auto,Four-Door Car,171
YT69858,WA,F,Bachelor,544142,85702,67,0,Personal Auto,Two-Door Car,249
XD85577,CA,M,Bachelor,284227,69417,73,1,Personal Auto,Four-Door Car,31
TM65736,OR,M,Master,305955,38644,78,1,Personal Auto,Four-Door Car,361
VJ51327,CA,F,High School or Below,2031500,63209,102,2,Personal Auto,SUV,207
GS98873,AZ,F,Bachelor,323912,16061,88,0,Personal Auto,Four-Door Car,634
CW49887,CA,F,Master,462680,79487,114,0,Special Auto,SUV,547
MY31220,CA,F,College,899704,54230,112,0,Personal Auto,Two-Door Car,538
